shipment_id,trim,nameplate,MY_number,BC,created_at,updated_at
1,ddPbWNrpIX,krPsKEDw,2008,BC2,2024-04-23 17:22:04,2024-04-23 17:22:04
2,IgMvfeDzzj,mxGzsydC,2016,BC4,2024-04-23 17:22:04,2024-04-23 17:22:04
3,rdsSYYRSaP,nDbJQbID,2002,BC1,2024-04-23 17:22:04,2024-04-23 17:22:04
4,sizutTTTyK,btYCCZDP,2016,BC5,2024-04-23 17:22:04,2024-04-23 17:22:04
5,rMUnaLxhFr,Xrsjpklz,2017,BC1,2024-04-23 17:22:04,2024-04-23 17:22:04
6,IkMPGdrgWl,HPTEiNBE,2004,BC3,2024-04-23 17:22:04,2024-04-23 17:22:04
7,UsbPFMaNdT,DAsoKGsC,2020,BC5,2024-04-23 17:22:04,2024-04-23 17:22:04
8,YncITieCGA,DuSXdXBa,2013,BC1,2024-04-23 17:22:04,2024-04-23 17:22:04
9,sNIZpAvyYy,PQEwTtvV,2004,BC2,2024-04-23 17:22:04,2024-04-23 17:22:04
10,dgodDFgtWt,SsleQFbY,2007,BC3,2024-04-23 17:22:04,2024-04-23 17:22:04
11,hrtImqHLTO,ZSheawgh,2014,BC5,2024-04-23 17:22:04,2024-04-23 17:22:04
12,FdpXQTjNgs,pCTMChDy,2005,BC2,2024-04-23 17:22:04,2024-04-23 17:22:04
13,NEGUQUZqAi,FdIcgRgA,2002,BC2,2024-04-23 17:22:04,2024-04-23 17:22:04
14,ARwGTEPGzr,VoBAJzLq,2009,BC1,2024-04-23 17:22:04,2024-04-23 17:22:04
15,UOSvDlXEDf,IwPqOufB,2006,BC4,2024-04-23 17:22:04,2024-04-23 17:22:04
16,hqvjKpkjqu,TsDKjMuy,2011,BC1,2024-04-23 17:22:04,2024-04-23 17:22:04
17,rEsGbAKDEY,CwXoYGfE,2003,BC2,2024-04-23 17:22:04,2024-04-23 17:22:04
18,qyPnpJXNge,oBgDoxMZ,2003,BC2,2024-04-23 17:22:04,2024-04-23 17:22:04
19,QWsorLNFlb,tlummFLK,2002,BC5,2024-04-23 17:22:04,2024-04-23 17:22:04
20,GIXQFQbOCS,BChJKSkH,2012,BC1,2024-04-23 17:22:04,2024-04-23 17:22:04
21,NJHATiNULU,TwltmJrS,2014,BC2,2024-04-23 17:22:04,2024-04-23 17:22:04
22,XvWSmCfDfu,BBslPWoW,2013,BC5,2024-04-23 17:22:04,2024-04-23 17:22:04
23,hLvGtNrfpk,XjwHQUCx,2006,BC3,2024-04-23 17:22:04,2024-04-23 17:22:04
24,ykWXkpnxKR,XEDhEVCu,2009,BC5,2024-04-23 17:22:04,2024-04-23 17:22:04
25,pstpTFCmzI,HIeGFlCD,2024,BC1,2024-04-23 17:22:04,2024-04-23 17:22:04
26,zfolVYrgjM,xQLlTezM,2006,BC2,2024-04-23 17:22:04,2024-04-23 17:22:04
27,RoLSOMCiFN,qNISfBiH,2000,BC4,2024-04-23 17:22:04,2024-04-23 17:22:04
28,nCTWXxSHgu,vezPfFcH,2014,BC5,2024-04-23 17:22:04,2024-04-23 17:22:04
29,sXprJnOjBt,bvqqLfkl,2025,BC1,2024-04-23 17:22:04,2024-04-23 17:22:04
30,TDCLEqHEgi,YXgeCVBM,2018,BC3,2024-04-23 17:22:04,2024-04-23 17:22:04
31,keMpvlomfO,qiRiWkoM,2013,BC4,2024-04-23 17:22:04,2024-04-23 17:22:04
32,zqQXXOImtW,iwLeoSxE,2006,BC5,2024-04-23 17:22:04,2024-04-23 17:22:04
33,HQubSAkikj,yJseaYUM,2010,BC5,2024-04-23 17:22:04,2024-04-23 17:22:04
34,DtDSLUcWQI,ZPZWKtvx,2010,BC4,2024-04-23 17:22:04,2024-04-23 17:22:04
35,UsSMOzLbEX,msQoHvBs,2005,BC4,2024-04-23 17:22:04,2024-04-23 17:22:04
36,TBjQZuzwdO,TuNMGkfF,2011,BC4,2024-04-23 17:22:04,2024-04-23 17:22:04
37,XkXyOrIAUC,nwgDHpef,2007,BC5,2024-04-23 17:22:04,2024-04-23 17:22:04
38,TJSTzWPFAy,aMalDROq,2008,BC5,2024-04-23 17:22:04,2024-04-23 17:22:04
39,wZPFxZJriy,rvHDOQUY,2024,BC3,2024-04-23 17:22:04,2024-04-23 17:22:04
40,liaGlLxyhZ,zNnWlKdC,2015,BC4,2024-04-23 17:22:04,2024-04-23 17:22:04
41,xxZrQMPadK,QtYczTNP,2005,BC1,2024-04-23 17:22:04,2024-04-23 17:22:04
42,wSDbUQUTrL,TOByIKpa,2012,BC2,2024-04-23 17:22:04,2024-04-23 17:22:04
43,pGzGVDzVHF,oXiPaKBk,2000,BC3,2024-04-23 17:22:04,2024-04-23 17:22:04
44,TahqDAkPwN,iVIgHTAF,2010,BC5,2024-04-23 17:22:04,2024-04-23 17:22:04
45,fPllqLBMXA,IyltEBWR,2008,BC4,2024-04-23 17:22:04,2024-04-23 17:22:04
46,zLYPZGBEah,SOdwhszl,2002,BC2,2024-04-23 17:22:04,2024-04-23 17:22:04
47,LcYpvgoFZd,OlHClFMB,2019,BC5,2024-04-23 17:22:04,2024-04-23 17:22:04
48,lsPcAmIoKG,nUtlWiGU,2014,BC3,2024-04-23 17:22:04,2024-04-23 17:22:04
49,VRCFKcShnP,QRPoZAyO,2018,BC3,2024-04-23 17:22:04,2024-04-23 17:22:04
50,dTYQbEpLLR,OYoQbNOF,2006,BC5,2024-04-23 17:22:04,2024-04-23 17:22:04
51,VYYQMYLSgk,nYEUjkBv,2019,BC3,2024-04-23 17:22:04,2024-04-23 17:22:04
52,QTXLgKNxfj,FvOYpBhH,2025,BC3,2024-04-23 17:22:04,2024-04-23 17:22:04
53,DlYUrBvVnc,pbuHJggz,2011,BC5,2024-04-23 17:22:04,2024-04-23 17:22:04
54,EMnwXIYEmW,qIVjhblk,2006,BC2,2024-04-23 17:22:04,2024-04-23 17:22:04
55,LpvXDSDgwM,RhdEWHbu,2007,BC5,2024-04-23 17:22:04,2024-04-23 17:22:04
56,jynltFnzzu,teoJbqdI,2019,BC3,2024-04-23 17:22:04,2024-04-23 17:22:04
57,XHQEZIcYKi,KwQqaOjp,2018,BC3,2024-04-23 17:22:04,2024-04-23 17:22:04
58,xBnCTVzRDK,fCfWMHTc,2008,BC4,2024-04-23 17:22:04,2024-04-23 17:22:04
59,YOOXVnyIuj,ReLZKzyt,2007,BC4,2024-04-23 17:22:04,2024-04-23 17:22:04
60,kRVZUaALzE,CnBbaIJQ,2004,BC2,2024-04-23 17:22:04,2024-04-23 17:22:04
61,KgiCqCKuDk,yHurkvLL,2016,BC5,2024-04-23 17:22:04,2024-04-23 17:22:04
62,tDOskLdlpB,TuCXRFUe,2020,BC1,2024-04-23 17:22:04,2024-04-23 17:22:04
63,JbkcXTmYes,UHsJPuhL,2003,BC3,2024-04-23 17:22:04,2024-04-23 17:22:04
64,mZuWYpwCTN,ucofEVzM,2025,BC1,2024-04-23 17:22:04,2024-04-23 17:22:04
65,rBkdKbEqAk,hiiHUHqU,2022,BC3,2024-04-23 17:22:04,2024-04-23 17:22:04
66,CyhfYorTZo,IXuXZjDc,2008,BC4,2024-04-23 17:22:04,2024-04-23 17:22:04
67,gnIZSaoTGh,tKdKhwYe,2008,BC3,2024-04-23 17:22:04,2024-04-23 17:22:04
68,enuozEZjpR,ItZGVcTU,2001,BC5,2024-04-23 17:22:04,2024-04-23 17:22:04
69,TKQxmnGGCZ,tjAJwZOb,2001,BC2,2024-04-23 17:22:04,2024-04-23 17:22:04
70,RXSUVybnVV,EmIQmnSu,2024,BC2,2024-04-23 17:22:04,2024-04-23 17:22:04
71,LaYJeuqoGg,ZyLUMUoP,2025,BC2,2024-04-23 17:22:04,2024-04-23 17:22:04
72,XqwjQxJjps,YPeZbJEU,2016,BC1,2024-04-23 17:22:04,2024-04-23 17:22:04
73,UYMeimYVPg,SzLYOIbP,2005,BC1,2024-04-23 17:22:04,2024-04-23 17:22:04
74,oSJmmJsIHJ,hrcZrqGW,2006,BC3,2024-04-23 17:22:04,2024-04-23 17:22:04
75,qDeWORhifA,QZtozmQU,2022,BC4,2024-04-23 17:22:04,2024-04-23 17:22:04
76,jWzSKZWIcA,iSvEPutC,2005,BC3,2024-04-23 17:22:04,2024-04-23 17:22:04
77,MzKWMLKMlc,enDbzCqt,2007,BC4,2024-04-23 17:22:04,2024-04-23 17:22:04
78,PIjMljuUTk,ruxQiaEs,2009,BC1,2024-04-23 17:22:04,2024-04-23 17:22:04
79,FDwIzWHLbu,YWVOPYrq,2023,BC5,2024-04-23 17:22:04,2024-04-23 17:22:04
80,YgbXjXGhum,Ehtwgqid,2006,BC3,2024-04-23 17:22:04,2024-04-23 17:22:04
81,wTjtgijRJP,OJYxkYRg,2025,BC3,2024-04-23 17:22:04,2024-04-23 17:22:04
82,ejoxHpmgdI,wjUJflpb,2011,BC4,2024-04-23 17:22:04,2024-04-23 17:22:04
83,WWeYpXEUVc,SUdMSvoZ,2022,BC5,2024-04-23 17:22:04,2024-04-23 17:22:04
84,btXNmzGxRi,sUBWtBEX,2019,BC2,2024-04-23 17:22:04,2024-04-23 17:22:04
85,hohMByrMmS,EkPCagTB,2001,BC2,2024-04-23 17:22:04,2024-04-23 17:22:04
86,SMmiXXOwFF,VUYKhXDp,2021,BC4,2024-04-23 17:22:04,2024-04-23 17:22:04
87,QQgNgYiiCb,ugMPoAMA,2013,BC3,2024-04-23 17:22:04,2024-04-23 17:22:04
88,qigcqZZkHY,dGIJgxsM,2005,BC1,2024-04-23 17:22:04,2024-04-23 17:22:04
89,BjzdRTlfDm,ffdHtsfX,2006,BC1,2024-04-23 17:22:04,2024-04-23 17:22:04
90,gMGfOATDXE,MMYEwsQw,2020,BC5,2024-04-23 17:22:04,2024-04-23 17:22:04
91,MOnEvSpvIw,fwFTvKiy,2023,BC2,2024-04-23 17:22:04,2024-04-23 17:22:04
92,rTXczllfXO,GhBtQBmh,2023,BC2,2024-04-23 17:22:04,2024-04-23 17:22:04
93,poAmxeAsdK,HTMXWwUB,2021,BC4,2024-04-23 17:22:04,2024-04-23 17:22:04
94,zqAacIqMPO,qFsTNfNR,2015,BC5,2024-04-23 17:22:04,2024-04-23 17:22:04
95,sOXMIVRVrm,TRtPfvlr,2010,BC1,2024-04-23 17:22:04,2024-04-23 17:22:04
96,CinTArnyti,ijhLbacJ,2001,BC5,2024-04-23 17:22:04,2024-04-23 17:22:04
97,VOmpSWROYh,sBmfdkLZ,2024,BC3,2024-04-23 17:22:04,2024-04-23 17:22:04
98,lDeMPrlDzR,HteMQTVC,2008,BC4,2024-04-23 17:22:04,2024-04-23 17:22:04
99,ivRoiAnwYk,rAEzNlHs,2023,BC5,2024-04-23 17:22:04,2024-04-23 17:22:04
100,BpGDfdFwqk,DtyfEXdX,2015,BC1,2024-04-23 17:22:04,2024-04-23 17:22:04
101,nvZUALuZCU,hIJfBJQn,2014,BC3,2024-04-23 17:22:04,2024-04-23 17:22:04
102,LuMTYnMFJv,sHmgUenw,2005,BC3,2024-04-23 17:22:04,2024-04-23 17:22:04
103,AZFsZrNNnW,IOpsFmBq,2017,BC3,2024-04-23 17:22:04,2024-04-23 17:22:04
104,avHWrYhCiZ,tIGcECEX,2004,BC1,2024-04-23 17:22:04,2024-04-23 17:22:04
105,bDlXvlpUTE,PFYYmStM,2015,BC1,2024-04-23 17:22:04,2024-04-23 17:22:04
106,BhwcbVpEfK,JrHDEAXu,2023,BC5,2024-04-23 17:22:04,2024-04-23 17:22:04
107,TbKJlrDdMJ,NnhYKYRO,2017,BC1,2024-04-23 17:22:04,2024-04-23 17:22:04
108,fOFKLFSOQm,dxRxyzXF,2016,BC3,2024-04-23 17:22:04,2024-04-23 17:22:04
109,BsXYmqiYHI,pgSRZNIT,2020,BC3,2024-04-23 17:22:04,2024-04-23 17:22:04
110,TlaOeVlklJ,PNTgLRgX,2024,BC3,2024-04-23 17:22:04,2024-04-23 17:22:04
111,DsvgIuwYpV,tDNtMQiy,2009,BC3,2024-04-23 17:22:04,2024-04-23 17:22:04
112,iQBzdXMaNC,oufBiman,2025,BC2,2024-04-23 17:22:04,2024-04-23 17:22:04
113,aRfLnAVLqQ,LqwPqXZX,2019,BC2,2024-04-23 17:22:04,2024-04-23 17:22:04
114,QoHnRFIrYI,mrgfRkWa,2011,BC2,2024-04-23 17:22:04,2024-04-23 17:22:04
115,vtCyamaToH,pwryRMel,2010,BC4,2024-04-23 17:22:04,2024-04-23 17:22:04
116,cpVTUFmgxe,suzzAgOT,2014,BC4,2024-04-23 17:22:04,2024-04-23 17:22:04
117,ReTivJkcIQ,thsaGFOO,2018,BC1,2024-04-23 17:22:04,2024-04-23 17:22:04
118,VEIddrfDuT,DdbyVnGV,2019,BC5,2024-04-23 17:22:04,2024-04-23 17:22:04
119,oqvCnLfFXh,MtyOBdMs,2005,BC3,2024-04-23 17:22:04,2024-04-23 17:22:04
120,IgCMpFyOuC,UVBGyLLp,2023,BC3,2024-04-23 17:22:04,2024-04-23 17:22:04
121,UlZHqOhTkd,NopAncuS,2024,BC3,2024-04-23 17:22:04,2024-04-23 17:22:04
122,UuQjffzzSo,UGyrfLCe,2019,BC1,2024-04-23 17:22:04,2024-04-23 17:22:04
123,zbeKcDuRtW,yrelqDby,2000,BC4,2024-04-23 17:22:04,2024-04-23 17:22:04
124,vANEyhCuQj,cjwzcQYp,2010,BC2,2024-04-23 17:22:04,2024-04-23 17:22:04
125,ghuleXqXdD,lNEgmAbY,2004,BC1,2024-04-23 17:22:04,2024-04-23 17:22:04
126,fuiKbuPgCT,aWRthPNi,2013,BC5,2024-04-23 17:22:04,2024-04-23 17:22:04
127,cLiDumWOwT,iasqXOhF,2002,BC2,2024-04-23 17:22:04,2024-04-23 17:22:04
128,ZBzncyktbc,eNCVRfJH,2023,BC1,2024-04-23 17:22:04,2024-04-23 17:22:04
129,qPAmEDLFXF,GSxWeHpE,2022,BC5,2024-04-23 17:22:04,2024-04-23 17:22:04
130,tONubWtXrj,RYWlYAKz,2021,BC3,2024-04-23 17:22:04,2024-04-23 17:22:04
131,QAyhOPlCho,OVOBEaqp,2001,BC1,2024-04-23 17:22:04,2024-04-23 17:22:04
132,keDvCXnRQs,zpPCUgYF,2001,BC2,2024-04-23 17:22:04,2024-04-23 17:22:04
133,bfKzydcOQz,xyXVvJBA,2013,BC4,2024-04-23 17:22:04,2024-04-23 17:22:04
134,ofVMmnpyRg,SdgZyFQM,2024,BC5,2024-04-23 17:22:04,2024-04-23 17:22:04
135,UcptrUIOft,MtNkipwV,2014,BC1,2024-04-23 17:22:04,2024-04-23 17:22:04
136,QhLSfoOJjF,HQGnuXwu,2014,BC3,2024-04-23 17:22:04,2024-04-23 17:22:04
137,FHePNVkWNn,ADSHVgls,2020,BC5,2024-04-23 17:22:04,2024-04-23 17:22:04
138,DxOJFqEFno,fBSGubGT,2011,BC4,2024-04-23 17:22:04,2024-04-23 17:22:04
139,PqbLDTtIiE,bhIrZwFl,2006,BC3,2024-04-23 17:22:04,2024-04-23 17:22:04
140,cFxiPzZuEo,GAmSeDCa,2009,BC4,2024-04-23 17:22:04,2024-04-23 17:22:04
141,LoqbzLOfpc,CnWvgaSw,2017,BC5,2024-04-23 17:22:04,2024-04-23 17:22:04
142,qbCrMtbYVd,GYNTdOVQ,2020,BC3,2024-04-23 17:22:04,2024-04-23 17:22:04
143,BdpGIIsdix,qmRwSxlc,2009,BC2,2024-04-23 17:22:04,2024-04-23 17:22:04
144,DZBQktPFdo,HsJMjcgU,2007,BC5,2024-04-23 17:22:04,2024-04-23 17:22:04
145,cuYJcnYGVO,xiXvGrfs,2021,BC5,2024-04-23 17:22:04,2024-04-23 17:22:04
146,TdRiVmKNlL,GTTbrmwM,2008,BC4,2024-04-23 17:22:04,2024-04-23 17:22:04
147,mHZzKoNgHH,thKxvbtE,2002,BC1,2024-04-23 17:22:04,2024-04-23 17:22:04
148,RnFTUzSoyE,SrlaHZaR,2007,BC3,2024-04-23 17:22:04,2024-04-23 17:22:04
149,VGBvoCZxrc,femYJTGl,2021,BC3,2024-04-23 17:22:04,2024-04-23 17:22:04
150,sLQSjKeFKM,BOIcBjMk,2008,BC3,2024-04-23 17:22:04,2024-04-23 17:22:04
151,IbeeKRRXuv,PyXBgjrh,2019,BC4,2024-04-23 17:22:04,2024-04-23 17:22:04
152,XEaFIHiYVO,NFiGIWEi,2017,BC1,2024-04-23 17:22:04,2024-04-23 17:22:04
153,amSwPPfBqA,MVzOlAeo,2024,BC1,2024-04-23 17:22:04,2024-04-23 17:22:04
154,KFEferHPXi,IkFVnerb,2007,BC2,2024-04-23 17:22:04,2024-04-23 17:22:04
155,eJLARvIAlA,XQhrovYB,2007,BC2,2024-04-23 17:22:04,2024-04-23 17:22:04
156,YoEkQneOKo,goZQxZrS,2011,BC3,2024-04-23 17:22:04,2024-04-23 17:22:04
157,owIFOzSHQQ,qLDmSYbZ,2000,BC3,2024-04-23 17:22:04,2024-04-23 17:22:04
158,WMIXpVAhvS,ZLryHUWb,2017,BC5,2024-04-23 17:22:04,2024-04-23 17:22:04
159,GJTdOjIlKE,qVlmTBzL,2010,BC4,2024-04-23 17:22:04,2024-04-23 17:22:04
160,evXpptIktz,BFbXulCB,2003,BC3,2024-04-23 17:22:04,2024-04-23 17:22:04
161,sPuoCgZdpE,fBKjeAtX,2021,BC5,2024-04-23 17:22:04,2024-04-23 17:22:04
162,VqdwqpUVVI,nbMDHhAf,2021,BC2,2024-04-23 17:22:04,2024-04-23 17:22:04
163,wrcjQZIVjX,fXgtzxfN,2010,BC1,2024-04-23 17:22:04,2024-04-23 17:22:04
164,YbaiOxLIcZ,lPVBJapJ,2010,BC1,2024-04-23 17:22:04,2024-04-23 17:22:04
165,OerMedLyxT,IUHZSSmn,2005,BC2,2024-04-23 17:22:04,2024-04-23 17:22:04
166,EzijlPuVjy,BkLaePwu,2013,BC1,2024-04-23 17:22:04,2024-04-23 17:22:04
167,uzoZIICVYE,zliRgisV,2022,BC5,2024-04-23 17:22:04,2024-04-23 17:22:04
168,HHRsjgXoPD,WZlZKiMg,2025,BC2,2024-04-23 17:22:04,2024-04-23 17:22:04
169,kFkygesbkW,gxXOEctm,2004,BC4,2024-04-23 17:22:04,2024-04-23 17:22:04
170,IELizJAMPH,YutItNvk,2007,BC5,2024-04-23 17:22:04,2024-04-23 17:22:04
171,EZJstOACZV,RewmPCZU,2001,BC5,2024-04-23 17:22:04,2024-04-23 17:22:04
172,wpwLMybCNW,mKMsGxsv,2019,BC5,2024-04-23 17:22:04,2024-04-23 17:22:04
173,FsoLHTGMlV,rvlyWWsB,2019,BC5,2024-04-23 17:22:04,2024-04-23 17:22:04
174,AuJEOqhEwt,ETduNbVR,2023,BC5,2024-04-23 17:22:04,2024-04-23 17:22:04
175,WkwGKofHJX,wAVAcgwJ,2025,BC4,2024-04-23 17:22:04,2024-04-23 17:22:04
176,gUAUtqMjJJ,rCxVJcuO,2003,BC5,2024-04-23 17:22:04,2024-04-23 17:22:04
177,ROSrZffxDr,HAwlOLLI,2008,BC5,2024-04-23 17:22:04,2024-04-23 17:22:04
178,FsFizFlepR,gNczZWTj,2009,BC5,2024-04-23 17:22:04,2024-04-23 17:22:04
179,DbEOFikYFC,VxbIKzFN,2024,BC1,2024-04-23 17:22:04,2024-04-23 17:22:04
180,jDmDzSHiMS,vcfpSbGt,2020,BC4,2024-04-23 17:22:04,2024-04-23 17:22:04
181,WpkeHYJYZo,wICVaOwY,2008,BC4,2024-04-23 17:22:04,2024-04-23 17:22:04
182,BhcTSAcfCl,LfyMAOBr,2008,BC2,2024-04-23 17:22:04,2024-04-23 17:22:04
183,wiCAWfTSuA,GMzFpfkK,2017,BC2,2024-04-23 17:22:04,2024-04-23 17:22:04
184,sKkSgbyhky,FycLkEgH,2015,BC5,2024-04-23 17:22:04,2024-04-23 17:22:04
185,ZNYUwoJiha,nnAEesMs,2012,BC4,2024-04-23 17:22:04,2024-04-23 17:22:04
186,rDtyEZYWlg,sxPPKipa,2007,BC4,2024-04-23 17:22:04,2024-04-23 17:22:04
187,LrekmFlORH,wSDtImSP,2007,BC1,2024-04-23 17:22:04,2024-04-23 17:22:04
188,znDglolBRI,fMZycJHi,2001,BC1,2024-04-23 17:22:04,2024-04-23 17:22:04
189,oQTclkmHQl,biuFqabt,2014,BC2,2024-04-23 17:22:04,2024-04-23 17:22:04
190,zyiQtwDLtF,JqBkckxb,2011,BC2,2024-04-23 17:22:04,2024-04-23 17:22:04
191,qJmqfbapoi,SnGsyMFr,2014,BC5,2024-04-23 17:22:04,2024-04-23 17:22:04
192,hgswJZzNgr,mJlUaePD,2021,BC2,2024-04-23 17:22:04,2024-04-23 17:22:04
193,UWmNzIGRqF,jsrTJZtk,2001,BC1,2024-04-23 17:22:04,2024-04-23 17:22:04
194,UDCZCleWiA,mvTdRRiD,2007,BC1,2024-04-23 17:22:04,2024-04-23 17:22:04
195,gWtVJIofai,ALBMkKXO,2000,BC4,2024-04-23 17:22:04,2024-04-23 17:22:04
196,hWcEJAEkbS,tpmvNfNd,2025,BC5,2024-04-23 17:22:04,2024-04-23 17:22:04
197,KvynYgYACw,WwhuLLQe,2015,BC4,2024-04-23 17:22:04,2024-04-23 17:22:04
198,ZaEBphWAMr,BZqftKqP,2024,BC5,2024-04-23 17:22:04,2024-04-23 17:22:04
199,wUjxzHURqc,vMQNOSPL,2009,BC5,2024-04-23 17:22:04,2024-04-23 17:22:04
200,idzjHHcVEH,RRKoRlek,2020,BC1,2024-04-23 17:22:04,2024-04-23 17:22:04
201,MLXDoUeFKH,oDdasmuF,2010,BC1,2024-04-23 17:22:04,2024-04-23 17:22:04
202,tBdPxSGLRz,OjzcSlmy,2009,BC4,2024-04-23 17:22:04,2024-04-23 17:22:04
203,ifHEADIiNw,nAmVXdKV,2017,BC2,2024-04-23 17:22:04,2024-04-23 17:22:04
204,WFWkakxaec,NhfbrRpk,2003,BC1,2024-04-23 17:22:04,2024-04-23 17:22:04
205,JfUEsMvaso,VyAZKdJO,2005,BC3,2024-04-23 17:22:04,2024-04-23 17:22:04
206,LsFKryWBom,dBuRJADo,2021,BC5,2024-04-23 17:22:04,2024-04-23 17:22:04
207,vCpBboyRvs,WLVNuPsq,2023,BC5,2024-04-23 17:22:04,2024-04-23 17:22:04
208,PxHnEhxgnY,vfPmWMfM,2025,BC2,2024-04-23 17:22:04,2024-04-23 17:22:04
209,EEscUTKuGt,SQtkshIQ,2005,BC3,2024-04-23 17:22:04,2024-04-23 17:22:04
210,orRGJSeOUC,SxiVimCw,2006,BC2,2024-04-23 17:22:04,2024-04-23 17:22:04
211,QwLYyhdDbA,cwfIODtF,2015,BC4,2024-04-23 17:22:04,2024-04-23 17:22:04
212,QkygGRYclQ,ucslcIsE,2025,BC1,2024-04-23 17:22:04,2024-04-23 17:22:04
213,UKTkLlMkNC,EAJVqOug,2015,BC3,2024-04-23 17:22:04,2024-04-23 17:22:04
214,HNnndxvNnf,rHMtTmJz,2001,BC4,2024-04-23 17:22:04,2024-04-23 17:22:04
215,bhHOHZtVLk,TMiPDXjE,2011,BC4,2024-04-23 17:22:04,2024-04-23 17:22:04
216,uQyzHyYbOj,BMwDLHCB,2008,BC4,2024-04-23 17:22:04,2024-04-23 17:22:04
217,mNItDIraMk,hgKvMdEL,2013,BC3,2024-04-23 17:22:04,2024-04-23 17:22:04
218,HrDtkCKZpl,eCUFWPoX,2019,BC4,2024-04-23 17:22:04,2024-04-23 17:22:04
219,WFcGlqBRGC,oSbQVHXa,2024,BC5,2024-04-23 17:22:04,2024-04-23 17:22:04
220,yUSWJTEiWO,VBUJTjMc,2022,BC4,2024-04-23 17:22:04,2024-04-23 17:22:04
221,norkCQNHOq,ozNxucMz,2013,BC5,2024-04-23 17:22:04,2024-04-23 17:22:04
222,ciXBedFMjo,DYtlXMWO,2004,BC3,2024-04-23 17:22:04,2024-04-23 17:22:04
223,bsJsRQSwwr,EXzHfKZT,2008,BC3,2024-04-23 17:22:04,2024-04-23 17:22:04
224,AfTBfaymRM,xAqvISTu,2013,BC5,2024-04-23 17:22:04,2024-04-23 17:22:04
225,sBQIhubHGt,KuXbyOZy,2012,BC5,2024-04-23 17:22:04,2024-04-23 17:22:04
226,xTSQjPIyNi,nzmGinfy,2005,BC3,2024-04-23 17:22:04,2024-04-23 17:22:04
227,fFmYOtkbjq,nbezNBEi,2020,BC4,2024-04-23 17:22:04,2024-04-23 17:22:04
228,AHFTUQdmfZ,RvMVUBKC,2016,BC5,2024-04-23 17:22:04,2024-04-23 17:22:04
229,EwqNNyWMEN,uLsfsfqR,2013,BC1,2024-04-23 17:22:04,2024-04-23 17:22:04
230,CpWFLJxPVc,IjhNKqeY,2018,BC4,2024-04-23 17:22:04,2024-04-23 17:22:04
231,lJgsqPEIKf,odiKfcwt,2013,BC2,2024-04-23 17:22:04,2024-04-23 17:22:04
232,ixEtXUobCy,EXIkKjQE,2025,BC4,2024-04-23 17:22:04,2024-04-23 17:22:04
233,elCwuVKPJW,FdqdxHZx,2023,BC3,2024-04-23 17:22:04,2024-04-23 17:22:04
234,HsaLjuStdd,BeTjlOJH,2005,BC5,2024-04-23 17:22:04,2024-04-23 17:22:04
235,ratIMdDaKf,OrXzSbJk,2015,BC3,2024-04-23 17:22:04,2024-04-23 17:22:04
236,nqPvocbXlO,rLgZsFpS,2013,BC4,2024-04-23 17:22:04,2024-04-23 17:22:04
237,sOHlsWvOQM,GYnsFMlr,2001,BC4,2024-04-23 17:22:04,2024-04-23 17:22:04
238,KEWxZoOBYE,jRWQvKLk,2020,BC1,2024-04-23 17:22:04,2024-04-23 17:22:04
239,rnrQmBGfRF,ppfHCJIg,2004,BC2,2024-04-23 17:22:04,2024-04-23 17:22:04
240,hmszXYSMCh,eMvducsh,2004,BC1,2024-04-23 17:22:04,2024-04-23 17:22:04
241,YmnqaUkINt,haHhmuHn,2013,BC1,2024-04-23 17:22:04,2024-04-23 17:22:04
242,UwdocLamei,ahVJKHWc,2001,BC5,2024-04-23 17:22:04,2024-04-23 17:22:04
243,LXRaYMILLy,iHaQnWBS,2018,BC2,2024-04-23 17:22:04,2024-04-23 17:22:04
244,GJNNMqPbxG,EVPgWiVI,2001,BC1,2024-04-23 17:22:04,2024-04-23 17:22:04
245,XjJSEAJkPF,wChvXcKU,2015,BC5,2024-04-23 17:22:04,2024-04-23 17:22:04
246,UsiHXoMhEL,gloQHmrh,2016,BC5,2024-04-23 17:22:04,2024-04-23 17:22:04
247,eWKIYdqrSj,wAzSGxTW,2018,BC5,2024-04-23 17:22:04,2024-04-23 17:22:04
248,oSvwUegEOk,EqGrvgYI,2009,BC3,2024-04-23 17:22:04,2024-04-23 17:22:04
249,csBTkXmrIg,JYViwUKW,2005,BC3,2024-04-23 17:22:04,2024-04-23 17:22:04
250,mJVZUjkMlG,wJpvuXsb,2018,BC5,2024-04-23 17:22:04,2024-04-23 17:22:04
251,NzNvZDQkwD,hkOXegtT,2002,BC5,2024-04-23 17:22:04,2024-04-23 17:22:04
252,aKtElyXIEP,rsSikzbO,2018,BC4,2024-04-23 17:22:04,2024-04-23 17:22:04
253,nOLltzBqWA,FrSvwhdc,2005,BC5,2024-04-23 17:22:04,2024-04-23 17:22:04
254,NPGpddtCNS,eqpTNxFO,2021,BC4,2024-04-23 17:22:04,2024-04-23 17:22:04
255,oqJsJgiCkd,VQNdVoQJ,2021,BC2,2024-04-23 17:22:04,2024-04-23 17:22:04
256,TtzCAojqPW,ylFUczvm,2024,BC4,2024-04-23 17:22:04,2024-04-23 17:22:04
257,QCEbOSTBvI,oUDfRwGv,2006,BC1,2024-04-23 17:22:04,2024-04-23 17:22:04
258,fihIkUhVPb,svqyzYUv,2012,BC4,2024-04-23 17:22:04,2024-04-23 17:22:04
259,MNhXqOEjZK,CBvzSAJX,2009,BC4,2024-04-23 17:22:04,2024-04-23 17:22:04
260,KchojFkSsl,KQCCPcmg,2005,BC2,2024-04-23 17:22:04,2024-04-23 17:22:04
261,IaBnfyjzJG,sindCTQn,2004,BC2,2024-04-23 17:22:04,2024-04-23 17:22:04
262,UHTKCHnMEy,uvUMGsrL,2025,BC3,2024-04-23 17:22:04,2024-04-23 17:22:04
263,wWbPziHCJU,EHPxhntS,2004,BC4,2024-04-23 17:22:04,2024-04-23 17:22:04
264,CpFcDHEzoU,gbEYxWed,2021,BC1,2024-04-23 17:22:04,2024-04-23 17:22:04
265,KyNZjuhopw,GdmgRkHH,2004,BC2,2024-04-23 17:22:04,2024-04-23 17:22:04
266,QOfygmZJyu,GQVDpvAh,2011,BC2,2024-04-23 17:22:04,2024-04-23 17:22:04
267,mCkwOQetHJ,mRBdKoHj,2019,BC3,2024-04-23 17:22:04,2024-04-23 17:22:04
268,fWkLQUdfmr,cDNtILYE,2001,BC4,2024-04-23 17:22:04,2024-04-23 17:22:04
269,zOwXRFrpZz,TQotdhPf,2014,BC5,2024-04-23 17:22:04,2024-04-23 17:22:04
270,NRuYJXQYhD,VzWFsNDW,2010,BC2,2024-04-23 17:22:04,2024-04-23 17:22:04
271,CbVELGOAbf,xQSzyfTp,2025,BC3,2024-04-23 17:22:04,2024-04-23 17:22:04
272,XwDcKUVORd,yrhFhCdO,2021,BC5,2024-04-23 17:22:04,2024-04-23 17:22:04
273,DphevWikWi,mQUxOXiX,2002,BC5,2024-04-23 17:22:04,2024-04-23 17:22:04
274,fgSYUnhCFE,AaVJWPwl,2024,BC4,2024-04-23 17:22:04,2024-04-23 17:22:04
275,FDlSpWJxZD,ZFWyBqaC,2005,BC5,2024-04-23 17:22:04,2024-04-23 17:22:04
276,bfOTSkSHYk,xZApadlo,2004,BC1,2024-04-23 17:22:04,2024-04-23 17:22:04
277,FujXHxaBhp,KPGwBxSk,2019,BC2,2024-04-23 17:22:04,2024-04-23 17:22:04
278,ntCpOlKhPf,isQoqssv,2019,BC2,2024-04-23 17:22:04,2024-04-23 17:22:04
279,QDxkktsBUy,VVesEoAh,2014,BC2,2024-04-23 17:22:04,2024-04-23 17:22:04
280,HwPmUnKrGn,VNTqodqL,2018,BC3,2024-04-23 17:22:04,2024-04-23 17:22:04
281,qNnrTSmEOm,yjbUAYAR,2019,BC4,2024-04-23 17:22:04,2024-04-23 17:22:04
282,CppWHQpiUD,yKQcKBvY,2008,BC3,2024-04-23 17:22:04,2024-04-23 17:22:04
283,sEuxlAeSGb,ybMACJiw,2021,BC5,2024-04-23 17:22:04,2024-04-23 17:22:04
284,eLBQaEWNHL,rODRbwGI,2019,BC5,2024-04-23 17:22:04,2024-04-23 17:22:04
285,NWiSpXZukW,oXQBTIze,2012,BC2,2024-04-23 17:22:04,2024-04-23 17:22:04
286,ewqQZXnYLt,RqJvjQvE,2023,BC4,2024-04-23 17:22:04,2024-04-23 17:22:04
287,oLPeOVvHJY,bdwSEYBn,2024,BC3,2024-04-23 17:22:04,2024-04-23 17:22:04
288,XaLMfLCcUl,HuPzftOA,2014,BC3,2024-04-23 17:22:04,2024-04-23 17:22:04
289,lOFOKRQEnl,UqFNGoLU,2016,BC2,2024-04-23 17:22:04,2024-04-23 17:22:04
290,RyohbdMbiL,IvcjOUVn,2003,BC2,2024-04-23 17:22:04,2024-04-23 17:22:04
291,nvMfRTZWFh,XLQzpWFn,2025,BC2,2024-04-23 17:22:04,2024-04-23 17:22:04
292,ntmHRaWoTq,eUPqPVSJ,2005,BC3,2024-04-23 17:22:04,2024-04-23 17:22:04
293,jMhvSOhVrh,jmkaucHv,2002,BC4,2024-04-23 17:22:04,2024-04-23 17:22:04
294,TCTILPMlej,vicuEuxV,2000,BC3,2024-04-23 17:22:04,2024-04-23 17:22:04
295,KbGiQfEBSx,HbFXBpeK,2016,BC3,2024-04-23 17:22:04,2024-04-23 17:22:04
296,RKbxlZHPbl,tlgIwVCL,2005,BC2,2024-04-23 17:22:04,2024-04-23 17:22:04
297,LkkyJqsrMX,aZCkGQVf,2012,BC5,2024-04-23 17:22:04,2024-04-23 17:22:04
298,VnrxWXiBwS,AKotBGSK,2014,BC4,2024-04-23 17:22:04,2024-04-23 17:22:04
299,vOErbHayqZ,FzpFSxXy,2010,BC4,2024-04-23 17:22:04,2024-04-23 17:22:04
300,SFBWjOFQWS,RNwsAiwu,2022,BC1,2024-04-23 17:22:04,2024-04-23 17:22:04
301,VBzkzELAyN,JQStiBuQ,2017,BC5,2024-04-23 17:22:04,2024-04-23 17:22:04
302,PItzwsSZaY,YQcxLHsn,2017,BC1,2024-04-23 17:22:04,2024-04-23 17:22:04
303,YCCkRykKyC,CHqHRSpb,2016,BC2,2024-04-23 17:22:04,2024-04-23 17:22:04
304,WPEhhUZBgm,yVrOPHFr,2003,BC1,2024-04-23 17:22:04,2024-04-23 17:22:04
305,nTDHYnKFRR,COJvmcME,2009,BC4,2024-04-23 17:22:04,2024-04-23 17:22:04
306,nQCroHEKUn,wlRkxMqw,2020,BC2,2024-04-23 17:22:04,2024-04-23 17:22:04
307,RGniyALVzk,cAVDjOpA,2002,BC4,2024-04-23 17:22:04,2024-04-23 17:22:04
308,hZKbqjeYxF,SjnUNTMP,2012,BC5,2024-04-23 17:22:04,2024-04-23 17:22:04
309,NMJWJZgytN,bVWVMHAv,2016,BC2,2024-04-23 17:22:04,2024-04-23 17:22:04
310,kvkqJsZNPr,dwqYJcAj,2002,BC3,2024-04-23 17:22:04,2024-04-23 17:22:04
311,MxHsSNEZpO,HKukYJHF,2013,BC3,2024-04-23 17:22:04,2024-04-23 17:22:04
312,aiqiyxaGJQ,mKPlXASI,2023,BC4,2024-04-23 17:22:04,2024-04-23 17:22:04
313,YVypWcbIDZ,TQrqZXzt,2008,BC5,2024-04-23 17:22:04,2024-04-23 17:22:04
314,KkFoHbJLcr,RjuoXrvp,2019,BC5,2024-04-23 17:22:04,2024-04-23 17:22:04
315,PjdxqhvTjN,kPhwZDec,2001,BC1,2024-04-23 17:22:04,2024-04-23 17:22:04
316,KMEbGmSnji,xhyEJeyT,2024,BC1,2024-04-23 17:22:04,2024-04-23 17:22:04
317,OBNfSvaiMk,vZqabvai,2020,BC2,2024-04-23 17:22:04,2024-04-23 17:22:04
318,MLenvpKRWh,yBRxaHQJ,2025,BC5,2024-04-23 17:22:04,2024-04-23 17:22:04
319,YXFnuspbGM,EZdilZSe,2006,BC4,2024-04-23 17:22:04,2024-04-23 17:22:04
320,qvQVRyvTab,elpaSxdH,2000,BC4,2024-04-23 17:22:04,2024-04-23 17:22:04
321,CTIQHimeGe,kILPNhvK,2006,BC4,2024-04-23 17:22:04,2024-04-23 17:22:04
322,HuAhstUNro,xHRDVRPR,2016,BC3,2024-04-23 17:22:04,2024-04-23 17:22:04
323,QuslRAdrda,dAAtllAl,2011,BC1,2024-04-23 17:22:04,2024-04-23 17:22:04
324,mzZGDiuphh,LRxfOaOs,2000,BC1,2024-04-23 17:22:04,2024-04-23 17:22:04
325,clqzOvZHoK,XCcCAske,2011,BC4,2024-04-23 17:22:04,2024-04-23 17:22:04
326,pYmhXjoQVL,LxWfyFFx,2000,BC5,2024-04-23 17:22:04,2024-04-23 17:22:04
327,EMSbQzEevT,gOYpUOeM,2019,BC4,2024-04-23 17:22:04,2024-04-23 17:22:04
328,TxsNvYTPJC,oatEYZyA,2006,BC4,2024-04-23 17:22:04,2024-04-23 17:22:04
329,xuRJdXgqET,ZzLCPiZx,2004,BC3,2024-04-23 17:22:04,2024-04-23 17:22:04
330,tpLyrgvUrC,QKkHwlOz,2023,BC5,2024-04-23 17:22:04,2024-04-23 17:22:04
331,yyNCulMExI,jhdQrKIx,2013,BC2,2024-04-23 17:22:04,2024-04-23 17:22:04
332,IxotSMbeuw,ndbIuVQE,2021,BC5,2024-04-23 17:22:04,2024-04-23 17:22:04
333,alxkIBxgOd,xgVDExPx,2005,BC1,2024-04-23 17:22:04,2024-04-23 17:22:04
334,QDTQFvnGUi,xAjjSbpG,2024,BC2,2024-04-23 17:22:04,2024-04-23 17:22:04
335,iymaEalwIa,CUmHVBzV,2006,BC3,2024-04-23 17:22:04,2024-04-23 17:22:04
336,eEUKveeJBx,OsykpwkG,2022,BC5,2024-04-23 17:22:04,2024-04-23 17:22:04
337,HXDaYYqoiw,WSbfhimm,2020,BC1,2024-04-23 17:22:04,2024-04-23 17:22:04
338,cbEWsoflxu,IWxHPNka,2001,BC1,2024-04-23 17:22:04,2024-04-23 17:22:04
339,ZxwxiMxQll,rHEUXsMD,2004,BC1,2024-04-23 17:22:04,2024-04-23 17:22:04
340,wdxePxPBMv,awsSprOm,2019,BC1,2024-04-23 17:22:04,2024-04-23 17:22:04
341,SjdmoLNwUQ,lhdmPNTn,2023,BC4,2024-04-23 17:22:04,2024-04-23 17:22:04
342,aRDLGNoZFN,WkeBVSFq,2000,BC2,2024-04-23 17:22:04,2024-04-23 17:22:04
343,GxYskQiZjY,gDHfETaC,2002,BC2,2024-04-23 17:22:04,2024-04-23 17:22:04
344,kkrflBHlCW,LRTiHZLF,2012,BC1,2024-04-23 17:22:04,2024-04-23 17:22:04
345,PFKnSbwfXz,wfRxLTmw,2023,BC1,2024-04-23 17:22:04,2024-04-23 17:22:04
346,tRijytmuyx,kGVLbKwr,2025,BC4,2024-04-23 17:22:04,2024-04-23 17:22:04
347,KXZZoYQBTo,gwSkScaN,2008,BC1,2024-04-23 17:22:04,2024-04-23 17:22:04
348,EWzBeLAAOC,uiZcfBsj,2023,BC4,2024-04-23 17:22:04,2024-04-23 17:22:04
349,AsDYacifxs,VOtjsYTu,2014,BC2,2024-04-23 17:22:04,2024-04-23 17:22:04
350,aWFPhDahQM,Rhakefnx,2008,BC3,2024-04-23 17:22:04,2024-04-23 17:22:04
351,gcviBzEOfX,EsDIDpgD,2022,BC2,2024-04-23 17:22:04,2024-04-23 17:22:04
352,SSGWftyTVk,LyOkFwMX,2024,BC5,2024-04-23 17:22:04,2024-04-23 17:22:04
353,BvdCQcoRiO,UUhdahou,2021,BC3,2024-04-23 17:22:04,2024-04-23 17:22:04
354,vBXokWRDCl,FpfiOZfQ,2010,BC3,2024-04-23 17:22:04,2024-04-23 17:22:04
355,wJTmTOMgEp,dmwxkfCp,2022,BC5,2024-04-23 17:22:04,2024-04-23 17:22:04
356,oAtratRqJg,tbXvNFdf,2004,BC4,2024-04-23 17:22:04,2024-04-23 17:22:04
357,ysCLmLkmWl,MBxCyVAO,2015,BC2,2024-04-23 17:22:04,2024-04-23 17:22:04
358,WDPGqSgeyf,joLjatxG,2015,BC5,2024-04-23 17:22:04,2024-04-23 17:22:04
359,izJesLaQks,tGoTtbeS,2005,BC1,2024-04-23 17:22:04,2024-04-23 17:22:04
360,GdAzehcTdo,GSMReZNx,2021,BC1,2024-04-23 17:22:04,2024-04-23 17:22:04
361,MhYixhgPCX,GnKsAbqH,2024,BC4,2024-04-23 17:22:04,2024-04-23 17:22:04
362,zNgquGzOcu,xshrFLaw,2002,BC5,2024-04-23 17:22:04,2024-04-23 17:22:04
363,KBBklphopL,evZbuKEq,2012,BC5,2024-04-23 17:22:04,2024-04-23 17:22:04
364,LiQYbeeorj,CFCFrTtr,2006,BC1,2024-04-23 17:22:04,2024-04-23 17:22:04
365,RKyudwtqda,OsRERLQr,2006,BC2,2024-04-23 17:22:04,2024-04-23 17:22:04
366,XWwtCACcco,nIfGcnEc,2012,BC1,2024-04-23 17:22:04,2024-04-23 17:22:04
367,hcxwepIlbB,YjMrtHxA,2001,BC2,2024-04-23 17:22:04,2024-04-23 17:22:04
368,QMqTGLPrzV,cZzVdRgf,2016,BC4,2024-04-23 17:22:04,2024-04-23 17:22:04
369,hucQShDMYi,gFoXnkwF,2012,BC5,2024-04-23 17:22:04,2024-04-23 17:22:04
370,kpBsbuumDv,VazcVzJn,2021,BC3,2024-04-23 17:22:04,2024-04-23 17:22:04
371,HtYSZuHEnT,VtnMNlhs,2016,BC2,2024-04-23 17:22:04,2024-04-23 17:22:04
372,BBKpErZxXs,dhYOSmEi,2020,BC5,2024-04-23 17:22:04,2024-04-23 17:22:04
373,RwpFEYqYAE,TehceMgW,2018,BC5,2024-04-23 17:22:04,2024-04-23 17:22:04
374,dFYCVzOUFF,bikKLQnV,2021,BC4,2024-04-23 17:22:04,2024-04-23 17:22:04
375,qTXkhsArtc,HtMrVWXk,2007,BC3,2024-04-23 17:22:04,2024-04-23 17:22:04
376,AWanoCjBpK,VyqANHFh,2008,BC4,2024-04-23 17:22:04,2024-04-23 17:22:04
377,uSYGrliiIb,eNIqpeMk,2010,BC4,2024-04-23 17:22:04,2024-04-23 17:22:04
378,alkDGqWDPg,tTOhKbfJ,2003,BC2,2024-04-23 17:22:04,2024-04-23 17:22:04
379,kXgViYGAKh,NjjQAGzw,2002,BC5,2024-04-23 17:22:04,2024-04-23 17:22:04
380,OMviKCgvpn,eDXzDAxA,2004,BC3,2024-04-23 17:22:04,2024-04-23 17:22:04
381,yOcpNTfsbZ,zmYbuYLA,2021,BC1,2024-04-23 17:22:04,2024-04-23 17:22:04
382,oxpVFYjLlK,jufwIKak,2016,BC4,2024-04-23 17:22:04,2024-04-23 17:22:04
383,PEfnCnbQYs,wAcavWyl,2016,BC3,2024-04-23 17:22:04,2024-04-23 17:22:04
384,gMrkPQAsGN,jxMKxLUq,2014,BC2,2024-04-23 17:22:04,2024-04-23 17:22:04
385,Hsdfnckpzw,jLokOvvE,2007,BC2,2024-04-23 17:22:04,2024-04-23 17:22:04
386,RMtVQrEPVw,uTvOxykH,2007,BC5,2024-04-23 17:22:04,2024-04-23 17:22:04
387,ufxrMmeirt,UtcSYizy,2008,BC3,2024-04-23 17:22:04,2024-04-23 17:22:04
388,veSwzeTLTO,cPOrQKZs,2020,BC3,2024-04-23 17:22:04,2024-04-23 17:22:04
389,iQzwKdIwSy,cyoyhYbs,2004,BC1,2024-04-23 17:22:04,2024-04-23 17:22:04
390,kmXipdsUQZ,RjjSjrrc,2016,BC2,2024-04-23 17:22:04,2024-04-23 17:22:04
391,DEOCKgliWw,aTwsFxuU,2005,BC2,2024-04-23 17:22:04,2024-04-23 17:22:04
392,blSCiAfkVC,zOvpvYxs,2024,BC1,2024-04-23 17:22:04,2024-04-23 17:22:04
393,EAQvQxUhDX,izYzoTtL,2014,BC1,2024-04-23 17:22:04,2024-04-23 17:22:04
394,hWejTHBwOv,XpSmTtWS,2006,BC2,2024-04-23 17:22:04,2024-04-23 17:22:04
395,XfBLjAtGnQ,mahjiRDq,2006,BC3,2024-04-23 17:22:04,2024-04-23 17:22:04
396,ckWiiySnmH,KJrNZsQE,2006,BC5,2024-04-23 17:22:04,2024-04-23 17:22:04
397,DOhXfxKuFP,lwAHLqCi,2024,BC1,2024-04-23 17:22:04,2024-04-23 17:22:04
398,OEKNBKbJVW,OvUriUKG,2006,BC3,2024-04-23 17:22:04,2024-04-23 17:22:04
399,ywMyxvnSby,odplzYzl,2004,BC2,2024-04-23 17:22:04,2024-04-23 17:22:04
400,zQYsBjTMxg,HPxlwSXk,2020,BC3,2024-04-23 17:22:04,2024-04-23 17:22:04
401,KTNGrbJfmN,FpGtkIiB,2007,BC1,2024-04-23 17:22:04,2024-04-23 17:22:04
402,eDKwxDwUxk,FsJyUGuw,2009,BC3,2024-04-23 17:22:04,2024-04-23 17:22:04
403,LcHoJYeuoe,MuCFllMW,2012,BC5,2024-04-23 17:22:04,2024-04-23 17:22:04
404,nSwcbFiuyP,JCdMbvBA,2002,BC1,2024-04-23 17:22:04,2024-04-23 17:22:04
405,SRVBFHncBA,NoPgCRVW,2013,BC5,2024-04-23 17:22:04,2024-04-23 17:22:04
406,oSfOpILgsb,WqpxCXgn,2018,BC5,2024-04-23 17:22:04,2024-04-23 17:22:04
407,bKvmVVEyoO,JAStWbQh,2002,BC3,2024-04-23 17:22:04,2024-04-23 17:22:04
408,bIGQLpgiuk,fqnaHmGw,2010,BC2,2024-04-23 17:22:04,2024-04-23 17:22:04
409,hkhuOrcCfP,HdWgiACd,2004,BC1,2024-04-23 17:22:04,2024-04-23 17:22:04
410,mtDKAqAYWY,cCjymQKn,2017,BC4,2024-04-23 17:22:04,2024-04-23 17:22:04
411,mJrwcqUeRP,qsYKhFVh,2021,BC5,2024-04-23 17:22:04,2024-04-23 17:22:04
412,xXolRFDmmz,klfJlNJp,2000,BC2,2024-04-23 17:22:04,2024-04-23 17:22:04
413,SsMqDVwSlf,FfuHNfqk,2000,BC4,2024-04-23 17:22:04,2024-04-23 17:22:04
414,eTiBVnWoLW,YXchgnSq,2016,BC5,2024-04-23 17:22:04,2024-04-23 17:22:04
415,iJareldadC,czLuflKX,2003,BC4,2024-04-23 17:22:04,2024-04-23 17:22:04
416,RSnzVDlNqJ,ExVfircs,2023,BC3,2024-04-23 17:22:04,2024-04-23 17:22:04
417,GXJfWRknEa,llkHwcPH,2022,BC4,2024-04-23 17:22:04,2024-04-23 17:22:04
418,jactMkxuiO,QuoJRLoJ,2006,BC4,2024-04-23 17:22:04,2024-04-23 17:22:04
419,CMHlrtKdnZ,ZMBvujNy,2002,BC1,2024-04-23 17:22:04,2024-04-23 17:22:04
420,iKwbrNABlx,ctAqlvGY,2001,BC4,2024-04-23 17:22:04,2024-04-23 17:22:04
421,AimbBYQaTT,VOQzLUtS,2007,BC3,2024-04-23 17:22:04,2024-04-23 17:22:04
422,QMaSCIKaxN,UNBfABGj,2024,BC2,2024-04-23 17:22:04,2024-04-23 17:22:04
423,IMIOTMGQCP,NGTJAGtK,2021,BC4,2024-04-23 17:22:04,2024-04-23 17:22:04
424,LFZRnnKQKJ,HIHmHDHp,2023,BC2,2024-04-23 17:22:04,2024-04-23 17:22:04
425,xJqkzOKxZg,yTBJqzSo,2010,BC4,2024-04-23 17:22:04,2024-04-23 17:22:04
426,LZXJWlEPDo,xOoABTeD,2021,BC3,2024-04-23 17:22:04,2024-04-23 17:22:04
427,DUZWbllHQq,vsLqmyFC,2002,BC3,2024-04-23 17:22:04,2024-04-23 17:22:04
428,hXOpXrkRGw,CScTffoB,2019,BC2,2024-04-23 17:22:04,2024-04-23 17:22:04
429,SmjBwXlFAH,nwliFNMD,2004,BC3,2024-04-23 17:22:04,2024-04-23 17:22:04
430,dtovvcyHpy,calIgkaC,2025,BC1,2024-04-23 17:22:04,2024-04-23 17:22:04
431,srzxpsVcic,zeyXZotA,2010,BC2,2024-04-23 17:22:04,2024-04-23 17:22:04
432,YXNzQCKfGZ,wFUbgfzh,2024,BC3,2024-04-23 17:22:04,2024-04-23 17:22:04
433,FpNGoNjYpz,lIKqRwWs,2016,BC5,2024-04-23 17:22:04,2024-04-23 17:22:04
434,vaSTMalIYX,RMhyhmbt,2018,BC2,2024-04-23 17:22:04,2024-04-23 17:22:04
435,dMcGtxZshn,YWVhpUJz,2016,BC1,2024-04-23 17:22:04,2024-04-23 17:22:04
436,HZdPSPcxFw,xwdnreVP,2012,BC1,2024-04-23 17:22:04,2024-04-23 17:22:04
437,RgYIuNaIoK,XheCQLBz,2004,BC3,2024-04-23 17:22:04,2024-04-23 17:22:04
438,NEfpvgotkD,AgJBPmPC,2005,BC1,2024-04-23 17:22:04,2024-04-23 17:22:04
439,tvuQhcEJmI,eHErkPZN,2018,BC2,2024-04-23 17:22:04,2024-04-23 17:22:04
440,QHvAOhuskS,RTUdumXg,2012,BC1,2024-04-23 17:22:04,2024-04-23 17:22:04
441,CFZhOBTptJ,GCwFagzf,2021,BC3,2024-04-23 17:22:04,2024-04-23 17:22:04
442,mqvqqhxhIS,EYmtLMmc,2022,BC4,2024-04-23 17:22:04,2024-04-23 17:22:04
443,tycBTKrpRt,JJHyjESV,2007,BC5,2024-04-23 17:22:04,2024-04-23 17:22:04
444,hwisBWdiTl,CNzfUxQj,2002,BC1,2024-04-23 17:22:04,2024-04-23 17:22:04
445,sMjlRruRuh,xAzRuwWo,2000,BC4,2024-04-23 17:22:04,2024-04-23 17:22:04
446,lsGfcLcyTr,zjeHrmiS,2001,BC5,2024-04-23 17:22:04,2024-04-23 17:22:04
447,glxRIxnHQt,WZdTgifb,2023,BC1,2024-04-23 17:22:04,2024-04-23 17:22:04
448,VFFPYFKrZP,QliOhFeq,2015,BC2,2024-04-23 17:22:04,2024-04-23 17:22:04
449,mQFSetfiuS,NGVnDODN,2005,BC1,2024-04-23 17:22:04,2024-04-23 17:22:04
450,damNSuDAGG,tUnsTIbr,2021,BC1,2024-04-23 17:22:04,2024-04-23 17:22:04
451,hcgoWHwjOX,IagGRhpO,2017,BC5,2024-04-23 17:22:04,2024-04-23 17:22:04
452,pKZUMkpnuP,zFwmWErI,2008,BC2,2024-04-23 17:22:04,2024-04-23 17:22:04
453,WPwamQGKoo,DtDaUsKU,2004,BC2,2024-04-23 17:22:04,2024-04-23 17:22:04
454,rBOUBonLXn,hCbhCkqf,2014,BC1,2024-04-23 17:22:04,2024-04-23 17:22:04
455,rtLvpFTHIT,IXCgHndR,2010,BC2,2024-04-23 17:22:04,2024-04-23 17:22:04
456,VwPiDyBqZj,vxnaUPNN,2011,BC4,2024-04-23 17:22:04,2024-04-23 17:22:04
457,TxBaZolBOk,wEEwqBHt,2000,BC4,2024-04-23 17:22:04,2024-04-23 17:22:04
458,HDRKdFsqSB,LvMwuemj,2004,BC4,2024-04-23 17:22:04,2024-04-23 17:22:04
459,UWQjdwFDmV,QrZQWREa,2007,BC2,2024-04-23 17:22:04,2024-04-23 17:22:04
460,dZwOIjaldO,VliUmcSP,2023,BC3,2024-04-23 17:22:04,2024-04-23 17:22:04
461,QIVHduThkO,oyQBulsD,2015,BC1,2024-04-23 17:22:04,2024-04-23 17:22:04
462,PUeIlsabtA,BvNyxXIf,2025,BC2,2024-04-23 17:22:04,2024-04-23 17:22:04
463,HWebUzOZNj,iYDQwgLp,2020,BC5,2024-04-23 17:22:04,2024-04-23 17:22:04
464,ueZpvdPVbN,zNvVJguQ,2013,BC5,2024-04-23 17:22:04,2024-04-23 17:22:04
465,RxgVOPZjXd,BynoryFj,2025,BC5,2024-04-23 17:22:04,2024-04-23 17:22:04
466,KqTCzXzArf,uhMkyzjB,2004,BC4,2024-04-23 17:22:04,2024-04-23 17:22:04
467,BPkduhEUuv,USdPvzvK,2004,BC2,2024-04-23 17:22:04,2024-04-23 17:22:04
468,EPjWamkCoi,SoFdygCd,2014,BC4,2024-04-23 17:22:04,2024-04-23 17:22:04
469,tdXEUFaLsA,iJCqvdhl,2016,BC5,2024-04-23 17:22:04,2024-04-23 17:22:04
470,ziTAPiaFFW,EjFLBpMJ,2020,BC3,2024-04-23 17:22:04,2024-04-23 17:22:04
471,VoEGJuebPH,AnWjwFJc,2008,BC3,2024-04-23 17:22:04,2024-04-23 17:22:04
472,RFIAzcAJge,OXcRKBKW,2016,BC2,2024-04-23 17:22:04,2024-04-23 17:22:04
473,uKkqYMhCry,bHZwUaYK,2022,BC2,2024-04-23 17:22:04,2024-04-23 17:22:04
474,mQPARTdvAi,PHHdoeZo,2000,BC4,2024-04-23 17:22:04,2024-04-23 17:22:04
475,IqqIwFpipL,PwGeNmnT,2025,BC2,2024-04-23 17:22:04,2024-04-23 17:22:04
476,wVdGOCxeEf,WiwszPMu,2008,BC5,2024-04-23 17:22:04,2024-04-23 17:22:04
477,eRXZEPjWif,iNUHuiqr,2000,BC4,2024-04-23 17:22:04,2024-04-23 17:22:04
478,DmaidjePrG,DJLxEdNL,2012,BC5,2024-04-23 17:22:04,2024-04-23 17:22:04
479,BBWBgvRRmh,SkcYHXKU,2010,BC3,2024-04-23 17:22:04,2024-04-23 17:22:04
480,adsxftgNXC,HvaGsttx,2006,BC3,2024-04-23 17:22:04,2024-04-23 17:22:04
481,ujgRUsXKKJ,gxPbmnBs,2019,BC4,2024-04-23 17:22:04,2024-04-23 17:22:04
482,TeaQGVuwQi,OFluQAFO,2024,BC4,2024-04-23 17:22:04,2024-04-23 17:22:04
483,mmPWxfgcmU,JjqhILHC,2007,BC3,2024-04-23 17:22:04,2024-04-23 17:22:04
484,OujSPPKPhI,VXKlfcVq,2006,BC1,2024-04-23 17:22:04,2024-04-23 17:22:04
485,PMKTcwwKND,tBskHQcM,2025,BC3,2024-04-23 17:22:04,2024-04-23 17:22:04
486,LKVDgzdqNF,utpUQKvh,2010,BC4,2024-04-23 17:22:04,2024-04-23 17:22:04
487,OjBZCltNid,rtfOAIdo,2010,BC1,2024-04-23 17:22:04,2024-04-23 17:22:04
488,INNnzluqVb,OtGJryNk,2013,BC2,2024-04-23 17:22:04,2024-04-23 17:22:04
489,UCBfZHikhx,STyZmioc,2008,BC5,2024-04-23 17:22:04,2024-04-23 17:22:04
490,EEiVZMDECw,vqGwTFQH,2008,BC4,2024-04-23 17:22:04,2024-04-23 17:22:04
491,PNrCtcmFOr,YoXdVKZN,2020,BC3,2024-04-23 17:22:04,2024-04-23 17:22:04
492,euMNIWFawh,NRMuYctO,2011,BC4,2024-04-23 17:22:04,2024-04-23 17:22:04
493,zoLdzjcVtj,IeGOgtuI,2025,BC2,2024-04-23 17:22:04,2024-04-23 17:22:04
494,ljWZKjihvs,PMleZCSY,2009,BC3,2024-04-23 17:22:04,2024-04-23 17:22:04
495,fihlAeqghm,SAMOjqhL,2012,BC1,2024-04-23 17:22:04,2024-04-23 17:22:04
496,uAHxBpasmc,cavxOwGB,2003,BC2,2024-04-23 17:22:04,2024-04-23 17:22:04
497,bTmYAbSOWk,dxypWqAi,2013,BC2,2024-04-23 17:22:04,2024-04-23 17:22:04
498,NwutRGwmIs,FSVJHthR,2018,BC3,2024-04-23 17:22:04,2024-04-23 17:22:04
499,lWzUxMRhZC,YqyyYlIt,2017,BC3,2024-04-23 17:22:04,2024-04-23 17:22:04
500,JACDzSedJZ,XVGjoimJ,2007,BC4,2024-04-23 17:22:04,2024-04-23 17:22:04
501,gJtmWIeuGV,RewgqJyL,2002,BC5,2024-04-23 17:22:04,2024-04-23 17:22:04
502,lsNZWSMOBc,GHXmTFVl,2019,BC5,2024-04-23 17:22:04,2024-04-23 17:22:04
503,EipetbVVYU,RnxECtpm,2009,BC2,2024-04-23 17:22:04,2024-04-23 17:22:04
504,GJinxKxBQI,aAKUYABM,2004,BC4,2024-04-23 17:22:04,2024-04-23 17:22:04
505,NRTtNsuwYz,wqVSlrPq,2016,BC4,2024-04-23 17:22:04,2024-04-23 17:22:04
506,wKrmPxAbMJ,yjBDsOZJ,2005,BC3,2024-04-23 17:22:04,2024-04-23 17:22:04
507,UdfqTzvIEq,AEjGHSSv,2006,BC5,2024-04-23 17:22:04,2024-04-23 17:22:04
508,TtGbKRoPXQ,tYpaFqvf,2001,BC2,2024-04-23 17:22:04,2024-04-23 17:22:04
509,UZEkAgLPxK,EtqgdebJ,2002,BC2,2024-04-23 17:22:04,2024-04-23 17:22:04
510,DpiIkekpuC,feNYGFtD,2011,BC3,2024-04-23 17:22:04,2024-04-23 17:22:04
511,LEWsuflckF,sQCAjZUx,2005,BC4,2024-04-23 17:22:04,2024-04-23 17:22:04
512,qwEVKoasFb,MPMHKDsn,2003,BC1,2024-04-23 17:22:04,2024-04-23 17:22:04
513,PDZydunfBI,JYrRtGNV,2018,BC2,2024-04-23 17:22:04,2024-04-23 17:22:04
514,rzqxlHEAwy,rfowcAZg,2002,BC3,2024-04-23 17:22:04,2024-04-23 17:22:04
515,YYTHWDRHNq,bJPlFNbr,2023,BC2,2024-04-23 17:22:04,2024-04-23 17:22:04
516,nQEBBrbVGO,tnxHTRrZ,2019,BC1,2024-04-23 17:22:04,2024-04-23 17:22:04
517,DGyjSUoBAn,BJrYgQzx,2009,BC4,2024-04-23 17:22:04,2024-04-23 17:22:04
518,IobaIGUNXR,rStvQSky,2014,BC1,2024-04-23 17:22:04,2024-04-23 17:22:04
519,oTuskqDpVx,RZKTfTfB,2013,BC5,2024-04-23 17:22:04,2024-04-23 17:22:04
520,HIhoxleowX,rfvlPeWV,2001,BC2,2024-04-23 17:22:04,2024-04-23 17:22:04
521,zBIkTUQQXi,gaSLPXdH,2014,BC4,2024-04-23 17:22:04,2024-04-23 17:22:04
522,eRsjHXyHUJ,tKmYKkkC,2018,BC2,2024-04-23 17:22:04,2024-04-23 17:22:04
523,qoTqGdBhwx,jnbeWEzJ,2022,BC2,2024-04-23 17:22:04,2024-04-23 17:22:04
524,QqUfZaCjhA,JcJZFByD,2016,BC5,2024-04-23 17:22:04,2024-04-23 17:22:04
525,dEMBLnhVFh,LuGtPzUp,2020,BC5,2024-04-23 17:22:04,2024-04-23 17:22:04
526,DFtukSHTHU,dxEmQcZi,2023,BC1,2024-04-23 17:22:04,2024-04-23 17:22:04
527,DNZbodlUVX,KEAMNrxj,2024,BC4,2024-04-23 17:22:04,2024-04-23 17:22:04
528,hUxjEBLDSu,SScsPDIS,2002,BC5,2024-04-23 17:22:04,2024-04-23 17:22:04
529,DkCNrsUpkr,pSKlTvbp,2022,BC5,2024-04-23 17:22:04,2024-04-23 17:22:04
530,fYWVkrFnyq,BIYpsyzX,2002,BC4,2024-04-23 17:22:04,2024-04-23 17:22:04
531,LEBmnXCoFc,BmcRAMZw,2002,BC3,2024-04-23 17:22:04,2024-04-23 17:22:04
532,TQRdGSOrlU,fMXELogF,2000,BC3,2024-04-23 17:22:04,2024-04-23 17:22:04
533,GelBptRUtS,josZpvGv,2025,BC4,2024-04-23 17:22:04,2024-04-23 17:22:04
534,ikNmfYuAgy,xKQyUItl,2007,BC2,2024-04-23 17:22:04,2024-04-23 17:22:04
535,XeDhjjAoTU,VqJMtFwU,2013,BC3,2024-04-23 17:22:04,2024-04-23 17:22:04
536,NLJXDAOttT,nDgVZnEP,2022,BC1,2024-04-23 17:22:04,2024-04-23 17:22:04
537,jJDAyuHfBp,IytMwDfK,2015,BC3,2024-04-23 17:22:04,2024-04-23 17:22:04
538,JXlzcRJuGZ,AQABWmGw,2008,BC1,2024-04-23 17:22:04,2024-04-23 17:22:04
539,jbmsOkBfha,hvZgoNFV,2014,BC2,2024-04-23 17:22:04,2024-04-23 17:22:04
540,fhxfECuPZx,ObApUzhM,2014,BC2,2024-04-23 17:22:04,2024-04-23 17:22:04
541,FZmExCvYAY,HaSmDaRf,2018,BC1,2024-04-23 17:22:04,2024-04-23 17:22:04
542,bokAsFXCNU,juElUPxz,2000,BC5,2024-04-23 17:22:04,2024-04-23 17:22:04
543,zonwogkPak,gofzyddI,2012,BC2,2024-04-23 17:22:04,2024-04-23 17:22:04
544,FYSPSUNPtI,gujVpCda,2011,BC2,2024-04-23 17:22:04,2024-04-23 17:22:04
545,JzAocsagBs,ykWIEOBQ,2008,BC3,2024-04-23 17:22:04,2024-04-23 17:22:04
546,EPpfaskhgK,fPHCxxDE,2016,BC5,2024-04-23 17:22:04,2024-04-23 17:22:04
547,XrFNisrUlW,ncMgpkBV,2003,BC5,2024-04-23 17:22:04,2024-04-23 17:22:04
548,FSoYdOsKcr,LMzIDSKQ,2024,BC1,2024-04-23 17:22:04,2024-04-23 17:22:04
549,safUCDiLps,EikhsHTV,2002,BC4,2024-04-23 17:22:04,2024-04-23 17:22:04
550,oSaWDXKiPy,BSHwNKID,2002,BC1,2024-04-23 17:22:04,2024-04-23 17:22:04
551,hyuwLJvtLD,FncVTJVW,2006,BC1,2024-04-23 17:22:04,2024-04-23 17:22:04
552,xtAFYvOcTI,jDyMDWvP,2009,BC1,2024-04-23 17:22:04,2024-04-23 17:22:04
553,eWVCvUXCrv,QzBzdtPf,2021,BC1,2024-04-23 17:22:04,2024-04-23 17:22:04
554,eYxcXMsOsU,Lindfrdo,2005,BC1,2024-04-23 17:22:04,2024-04-23 17:22:04
555,tncWVmSbhS,SaZzmVNJ,2021,BC1,2024-04-23 17:22:04,2024-04-23 17:22:04
556,WEKNZyNJwc,vXDWtsJF,2018,BC5,2024-04-23 17:22:04,2024-04-23 17:22:04
557,AjUtAlalOD,UrOogint,2003,BC4,2024-04-23 17:22:04,2024-04-23 17:22:04
558,LsOPvhMxhB,WpzDWyvO,2014,BC2,2024-04-23 17:22:04,2024-04-23 17:22:04
559,DTYPOFzlwu,ddKBxYXh,2024,BC4,2024-04-23 17:22:04,2024-04-23 17:22:04
560,xykPXSvKJa,DemrglRz,2005,BC3,2024-04-23 17:22:04,2024-04-23 17:22:04
561,nkjLvWtjgO,GQaoPvOX,2017,BC3,2024-04-23 17:22:04,2024-04-23 17:22:04
562,guJvfLWoGP,tstwgNzm,2023,BC3,2024-04-23 17:22:04,2024-04-23 17:22:04
563,zcEOOHfsis,nUcpMopQ,2003,BC5,2024-04-23 17:22:04,2024-04-23 17:22:04
564,wcoVzuAXSW,yMXDKccb,2010,BC5,2024-04-23 17:22:04,2024-04-23 17:22:04
565,EHkVipNjKl,sJLcafWH,2007,BC1,2024-04-23 17:22:04,2024-04-23 17:22:04
566,aenBwlVxVC,cvMUkfUF,2005,BC3,2024-04-23 17:22:04,2024-04-23 17:22:04
567,nbHLMXSqrQ,DIwXQBYj,2000,BC5,2024-04-23 17:22:04,2024-04-23 17:22:04
568,bAEOgJoZld,POjvwBPE,2023,BC3,2024-04-23 17:22:04,2024-04-23 17:22:04
569,sAWAeytioy,nyxWFrtl,2016,BC1,2024-04-23 17:22:04,2024-04-23 17:22:04
570,kBRFlzRwtD,zcLYPSIF,2008,BC3,2024-04-23 17:22:04,2024-04-23 17:22:04
571,rQLanVvNVz,UXQOnMGq,2015,BC1,2024-04-23 17:22:04,2024-04-23 17:22:04
572,przsMwrIUa,qazgsXpO,2022,BC4,2024-04-23 17:22:04,2024-04-23 17:22:04
573,yDteYWnRdz,VzNVdoUF,2022,BC2,2024-04-23 17:22:04,2024-04-23 17:22:04
574,aZgPjjpMIy,cXbCuRoV,2014,BC1,2024-04-23 17:22:04,2024-04-23 17:22:04
575,nlXHQlMitb,UmrThiBc,2020,BC2,2024-04-23 17:22:04,2024-04-23 17:22:04
576,LGeDxeUqoy,kdzFRNzy,2024,BC1,2024-04-23 17:22:04,2024-04-23 17:22:04
577,HnsFHnbJsr,gEIHstue,2002,BC2,2024-04-23 17:22:04,2024-04-23 17:22:04
578,FlRtiePRXs,QcLXTTit,2005,BC2,2024-04-23 17:22:04,2024-04-23 17:22:04
579,YiWkELtgua,aUCKefap,2003,BC4,2024-04-23 17:22:04,2024-04-23 17:22:04
580,oyDrUbdKdE,PrPgavZY,2002,BC1,2024-04-23 17:22:04,2024-04-23 17:22:04
581,MzVnlZHASl,PJZqWUiV,2003,BC1,2024-04-23 17:22:04,2024-04-23 17:22:04
582,oHgcWxzRse,VtyPjbpn,2018,BC5,2024-04-23 17:22:04,2024-04-23 17:22:04
583,UJMYgfjgbe,dNOKwtoP,2014,BC3,2024-04-23 17:22:04,2024-04-23 17:22:04
584,MfHTnIaEFA,bxgBxCVV,2023,BC3,2024-04-23 17:22:04,2024-04-23 17:22:04
585,ODTavPGisb,bGuuRZdB,2011,BC4,2024-04-23 17:22:04,2024-04-23 17:22:04
586,jLfiqatQpS,OlQkeSBV,2003,BC5,2024-04-23 17:22:04,2024-04-23 17:22:04
587,DuOwHCTull,FpNLxWkI,2009,BC3,2024-04-23 17:22:04,2024-04-23 17:22:04
588,bhqZlSaQYq,bLXDXlOU,2001,BC2,2024-04-23 17:22:04,2024-04-23 17:22:04
589,EYPIkDsGhn,kwgBlzFd,2018,BC5,2024-04-23 17:22:04,2024-04-23 17:22:04
590,XjTjpquLjP,vSjIilaT,2006,BC4,2024-04-23 17:22:04,2024-04-23 17:22:04
591,QRbDUetHid,GBMhOImY,2003,BC4,2024-04-23 17:22:04,2024-04-23 17:22:04
592,hBibpJpOnw,oPrcPPOl,2019,BC5,2024-04-23 17:22:04,2024-04-23 17:22:04
593,pZZwodHmTk,jnSKPSpw,2020,BC4,2024-04-23 17:22:04,2024-04-23 17:22:04
594,dMePPmIWlk,tZdmEDSW,2020,BC3,2024-04-23 17:22:04,2024-04-23 17:22:04
595,brwCGPwFgx,ASmYxhNk,2007,BC1,2024-04-23 17:22:04,2024-04-23 17:22:04
596,ZGcHnpxnrd,DPPJAoUg,2004,BC5,2024-04-23 17:22:04,2024-04-23 17:22:04
597,GiwraDLdda,eNMgHqJb,2022,BC1,2024-04-23 17:22:04,2024-04-23 17:22:04
598,WIcALsDCDQ,xcpyGMml,2015,BC1,2024-04-23 17:22:04,2024-04-23 17:22:04
599,QAugCbpPgx,ugdHxzPA,2011,BC3,2024-04-23 17:22:04,2024-04-23 17:22:04
600,gtEkYxMweY,RadrmCjN,2016,BC2,2024-04-23 17:22:04,2024-04-23 17:22:04
601,aNwwuladoV,KRRBAOEc,2001,BC2,2024-04-23 17:22:04,2024-04-23 17:22:04
602,lxAlhVIpbU,EQreqshg,2018,BC4,2024-04-23 17:22:04,2024-04-23 17:22:04
603,GIEfKdJiTf,pNPKQlrt,2016,BC3,2024-04-23 17:22:04,2024-04-23 17:22:04
604,pnZypkSHUu,YnDJLHLw,2000,BC5,2024-04-23 17:22:04,2024-04-23 17:22:04
605,IONeMtpJxp,ZxgepthY,2019,BC2,2024-04-23 17:22:04,2024-04-23 17:22:04
606,eVKvhqbDEJ,pmwmkzvI,2023,BC1,2024-04-23 17:22:04,2024-04-23 17:22:04
607,wVhYAvmGdi,YSEHMAlT,2000,BC1,2024-04-23 17:22:04,2024-04-23 17:22:04
608,CEJDrCfEGY,nHsSCaKV,2013,BC2,2024-04-23 17:22:04,2024-04-23 17:22:04
609,HqTVlIIUCX,TMLNIwyF,2024,BC4,2024-04-23 17:22:04,2024-04-23 17:22:04
610,wvmsosXqPe,zRnbquQj,2016,BC3,2024-04-23 17:22:04,2024-04-23 17:22:04
611,fVTeJeJSJn,IvABIMfI,2025,BC5,2024-04-23 17:22:04,2024-04-23 17:22:04
612,xfHdgaowvI,BUXhUTIG,2007,BC3,2024-04-23 17:22:04,2024-04-23 17:22:04
613,mByUyuaSqm,zTlQcfmI,2013,BC5,2024-04-23 17:22:04,2024-04-23 17:22:04
614,iCxSNkGHYI,MutryWiT,2024,BC3,2024-04-23 17:22:04,2024-04-23 17:22:04
615,UxAdiTjunV,QfEaWUTL,2011,BC2,2024-04-23 17:22:04,2024-04-23 17:22:04
616,OkjFvzrvMo,TxSALzlh,2008,BC2,2024-04-23 17:22:04,2024-04-23 17:22:04
617,CMbvpAdjYb,poWsFpZT,2004,BC2,2024-04-23 17:22:04,2024-04-23 17:22:04
618,GdhoerKPFV,enlsjQSh,2024,BC2,2024-04-23 17:22:04,2024-04-23 17:22:04
619,fOhmftqyzv,YeiWahWN,2002,BC4,2024-04-23 17:22:04,2024-04-23 17:22:04
620,rPtztJYBxl,MdgqZpwQ,2024,BC4,2024-04-23 17:22:04,2024-04-23 17:22:04
621,cFMTJrkNVc,SHEjyRwq,2015,BC4,2024-04-23 17:22:04,2024-04-23 17:22:04
622,LFvOjsBYkJ,KHYTYViy,2011,BC1,2024-04-23 17:22:04,2024-04-23 17:22:04
623,nMPHHhtDLY,lOnZXiyM,2014,BC3,2024-04-23 17:22:04,2024-04-23 17:22:04
624,nDOxkceqLo,rVqmEdRw,2002,BC1,2024-04-23 17:22:04,2024-04-23 17:22:04
625,iYMngqvHkf,NKrSteUd,2022,BC3,2024-04-23 17:22:04,2024-04-23 17:22:04
626,BdrFFIxWkU,kFqIHlMr,2006,BC4,2024-04-23 17:22:04,2024-04-23 17:22:04
627,DbwVFWCylj,tMMVBnZx,2008,BC1,2024-04-23 17:22:04,2024-04-23 17:22:04
628,DXcpAEzGZH,jeLFBcXw,2013,BC3,2024-04-23 17:22:04,2024-04-23 17:22:04
629,BKrunmACBR,HrqDtGZi,2019,BC1,2024-04-23 17:22:04,2024-04-23 17:22:04
630,LdbKnZfCwY,GOZareOv,2017,BC4,2024-04-23 17:22:04,2024-04-23 17:22:04
631,FuqIMhcNzS,ZryMlyQz,2007,BC5,2024-04-23 17:22:04,2024-04-23 17:22:04
632,FGwoULYrJD,hWMsJQmm,2007,BC3,2024-04-23 17:22:04,2024-04-23 17:22:04
633,YDiGIwvrdI,EnEYwVQZ,2022,BC4,2024-04-23 17:22:04,2024-04-23 17:22:04
634,FkeCdRSdwa,kVayiblx,2015,BC5,2024-04-23 17:22:04,2024-04-23 17:22:04
635,DIbVIyeKYD,jIXpcjFh,2005,BC1,2024-04-23 17:22:04,2024-04-23 17:22:04
636,OilPOBmWec,OJOJBlrH,2008,BC3,2024-04-23 17:22:04,2024-04-23 17:22:04
637,BMrVWiggkR,xkjcKAUx,2000,BC4,2024-04-23 17:22:04,2024-04-23 17:22:04
638,xebJALGumI,FnHdEzYx,2020,BC1,2024-04-23 17:22:04,2024-04-23 17:22:04
639,MmvLdCQnpp,XRqzvUQk,2012,BC5,2024-04-23 17:22:04,2024-04-23 17:22:04
640,QKHEWVDUqT,KLYgnyQP,2021,BC1,2024-04-23 17:22:04,2024-04-23 17:22:04
641,HIwhHNASqn,iqYZmGEu,2022,BC3,2024-04-23 17:22:04,2024-04-23 17:22:04
642,USwSrnFwyY,tZCDQtYs,2024,BC5,2024-04-23 17:22:04,2024-04-23 17:22:04
643,eHTYYNKnyW,jzmSmiTh,2019,BC1,2024-04-23 17:22:04,2024-04-23 17:22:04
644,hRcjYwgrbz,LJCSFMHy,2009,BC2,2024-04-23 17:22:04,2024-04-23 17:22:04
645,zPKzrPibhF,GRicXEIL,2007,BC3,2024-04-23 17:22:04,2024-04-23 17:22:04
646,liAURuYLbn,XJJiFjZK,2008,BC3,2024-04-23 17:22:04,2024-04-23 17:22:04
647,TpRzwMncpW,ZOyeQafa,2004,BC2,2024-04-23 17:22:04,2024-04-23 17:22:04
648,TLqIkHdCYV,pNFEdurH,2014,BC5,2024-04-23 17:22:04,2024-04-23 17:22:04
649,pPncNiRKBk,bYsbZwNJ,2008,BC2,2024-04-23 17:22:04,2024-04-23 17:22:04
650,iqMHfSahcv,CLHoGowF,2025,BC2,2024-04-23 17:22:04,2024-04-23 17:22:04
651,vuzPfclykH,idaALesq,2003,BC1,2024-04-23 17:22:04,2024-04-23 17:22:04
652,fUAWlbldze,ieXxkkvU,2010,BC3,2024-04-23 17:22:04,2024-04-23 17:22:04
653,qEsJgivpMr,PrrHhRJh,2017,BC3,2024-04-23 17:22:04,2024-04-23 17:22:04
654,OuAKCiMsKg,pAirSLMj,2020,BC2,2024-04-23 17:22:04,2024-04-23 17:22:04
655,qUHqunMjGg,GZXtDozn,2012,BC4,2024-04-23 17:22:04,2024-04-23 17:22:04
656,qUxwPpozjp,RPPPtEpC,2008,BC1,2024-04-23 17:22:04,2024-04-23 17:22:04
657,IwWFbnqgil,dnjuoBhG,2018,BC2,2024-04-23 17:22:04,2024-04-23 17:22:04
658,uprOyGIMoZ,utwIYmiY,2008,BC3,2024-04-23 17:22:04,2024-04-23 17:22:04
659,ahEEGLZRHF,IYECcDZK,2025,BC1,2024-04-23 17:22:04,2024-04-23 17:22:04
660,BrlCoYtFlm,YZZmINIG,2021,BC1,2024-04-23 17:22:04,2024-04-23 17:22:04
661,foDUmSZVds,qFkUtrPb,2007,BC2,2024-04-23 17:22:04,2024-04-23 17:22:04
662,qHSDJDokQC,pyPDLLVV,2018,BC4,2024-04-23 17:22:04,2024-04-23 17:22:04
663,WrbyfVRamD,IbthYbDf,2024,BC4,2024-04-23 17:22:04,2024-04-23 17:22:04
664,nxGTkgrRyE,DjRRVgLm,2008,BC4,2024-04-23 17:22:04,2024-04-23 17:22:04
665,tDlGweBxeC,MpeaSBXF,2008,BC1,2024-04-23 17:22:04,2024-04-23 17:22:04
666,OFrCIdnIuM,jAtbvOnb,2003,BC5,2024-04-23 17:22:04,2024-04-23 17:22:04
667,IyBoXLVoJk,QcJBhFoI,2000,BC5,2024-04-23 17:22:04,2024-04-23 17:22:04
668,oDEMfRxYqc,YMlzhuUD,2018,BC1,2024-04-23 17:22:04,2024-04-23 17:22:04
669,EsTQgnMRuS,gbcweqLk,2017,BC2,2024-04-23 17:22:04,2024-04-23 17:22:04
670,WlJyuxDeLg,JodHBUtL,2012,BC4,2024-04-23 17:22:04,2024-04-23 17:22:04
671,ISQRyVucrd,plloMdSD,2003,BC3,2024-04-23 17:22:04,2024-04-23 17:22:04
672,EovRNQbpox,eIErcHkn,2022,BC1,2024-04-23 17:22:04,2024-04-23 17:22:04
673,JAMhmBQNVD,EvlVbTJQ,2007,BC4,2024-04-23 17:22:04,2024-04-23 17:22:04
674,zkUAAdDbep,TRANYTAz,2006,BC4,2024-04-23 17:22:04,2024-04-23 17:22:04
675,XbkQFEsZAr,ubzLDZsu,2010,BC5,2024-04-23 17:22:04,2024-04-23 17:22:04
676,PLEOOAVLxU,GZojGBZG,2022,BC1,2024-04-23 17:22:04,2024-04-23 17:22:04
677,lGiRRXBcpE,QFxrureE,2005,BC3,2024-04-23 17:22:04,2024-04-23 17:22:04
678,MCXMoyUFBs,ABQZTCqR,2024,BC5,2024-04-23 17:22:04,2024-04-23 17:22:04
679,HbMJzDnTdP,OZasQnxL,2023,BC3,2024-04-23 17:22:04,2024-04-23 17:22:04
680,orrDhvMETb,ucZnWUqE,2014,BC5,2024-04-23 17:22:04,2024-04-23 17:22:04
681,vMrOcZGwYD,hsucWIAq,2001,BC4,2024-04-23 17:22:04,2024-04-23 17:22:04
682,nsJVAOsYaA,zoKBGAwe,2018,BC2,2024-04-23 17:22:04,2024-04-23 17:22:04
683,lKkbQdeMPm,uIFkAbwi,2009,BC3,2024-04-23 17:22:04,2024-04-23 17:22:04
684,ipOCocYjoq,UgElNMdH,2014,BC5,2024-04-23 17:22:04,2024-04-23 17:22:04
685,iHYubOvbiY,MVciXdAl,2002,BC3,2024-04-23 17:22:04,2024-04-23 17:22:04
686,MdrsxlpvTx,dpKeobce,2006,BC1,2024-04-23 17:22:04,2024-04-23 17:22:04
687,oxNvnYAUuB,KluRYwvq,2008,BC1,2024-04-23 17:22:04,2024-04-23 17:22:04
688,qCXUcoGPhD,PQTboxjM,2000,BC4,2024-04-23 17:22:04,2024-04-23 17:22:04
689,rXSzDrWtto,HFoMirkS,2024,BC1,2024-04-23 17:22:04,2024-04-23 17:22:04
690,RfzTZkXIGw,jVkGelAv,2002,BC5,2024-04-23 17:22:04,2024-04-23 17:22:04
691,dDSIUPVurj,TkxUcMew,2005,BC1,2024-04-23 17:22:04,2024-04-23 17:22:04
692,hXUCFCOhne,HBtyHbtd,2016,BC3,2024-04-23 17:22:04,2024-04-23 17:22:04
693,VJZjLfryZW,VEQXWFJI,2014,BC2,2024-04-23 17:22:04,2024-04-23 17:22:04
694,ziNuOOsRos,MQhuassJ,2010,BC2,2024-04-23 17:22:04,2024-04-23 17:22:04
695,kBiKwtPYwx,NDfTpHeS,2016,BC5,2024-04-23 17:22:04,2024-04-23 17:22:04
696,NkoCYeIJIQ,ItTMPXXC,2010,BC3,2024-04-23 17:22:04,2024-04-23 17:22:04
697,qjfozZErzz,UWpbNtrg,2010,BC4,2024-04-23 17:22:04,2024-04-23 17:22:04
698,CqrCNooDRW,DLWJvhxB,2016,BC5,2024-04-23 17:22:04,2024-04-23 17:22:04
699,dhQmIsvrOM,gVvSHZxD,2007,BC5,2024-04-23 17:22:04,2024-04-23 17:22:04
700,WIknKFcied,hUchlWvo,2021,BC2,2024-04-23 17:22:04,2024-04-23 17:22:04
701,krdxiSiVHY,tAfTfDyZ,2024,BC4,2024-04-23 17:22:04,2024-04-23 17:22:04
702,QUUIEBKBnz,xABaKuOY,2020,BC3,2024-04-23 17:22:04,2024-04-23 17:22:04
703,JfHYIwiOLR,WljlJXEv,2014,BC5,2024-04-23 17:22:04,2024-04-23 17:22:04
704,pmGSOFtZmI,bDSgbyNZ,2021,BC1,2024-04-23 17:22:04,2024-04-23 17:22:04
705,cgIbiqHuoz,JUwupPPP,2014,BC3,2024-04-23 17:22:04,2024-04-23 17:22:04
706,KTECoDmJkN,HyoPNNol,2018,BC1,2024-04-23 17:22:04,2024-04-23 17:22:04
707,dCIfinQbln,vbcIrzio,2004,BC5,2024-04-23 17:22:04,2024-04-23 17:22:04
708,yeTnBeBooe,agLqiIIq,2001,BC1,2024-04-23 17:22:04,2024-04-23 17:22:04
709,PQOaMVJJex,syzWhERc,2005,BC5,2024-04-23 17:22:04,2024-04-23 17:22:04
710,heKrZoEZYq,BeACRHdV,2016,BC5,2024-04-23 17:22:04,2024-04-23 17:22:04
711,DSxIGAREvw,EjkxUlJA,2020,BC4,2024-04-23 17:22:04,2024-04-23 17:22:04
712,aBagVhgwMD,PizKDwZR,2022,BC4,2024-04-23 17:22:04,2024-04-23 17:22:04
713,fsIMEwsgtk,ijFbFxnW,2014,BC5,2024-04-23 17:22:04,2024-04-23 17:22:04
714,FJFXLhqJRf,KxmdcaKz,2018,BC2,2024-04-23 17:22:04,2024-04-23 17:22:04
715,oEilgjwVfU,AHThEjZK,2019,BC2,2024-04-23 17:22:04,2024-04-23 17:22:04
716,LCalUdRPlM,BgsjMUPa,2018,BC4,2024-04-23 17:22:04,2024-04-23 17:22:04
717,mdFnYjaVpZ,AVpjbekC,2014,BC4,2024-04-23 17:22:04,2024-04-23 17:22:04
718,OCSyCGyOXa,ZvpbBtOR,2005,BC2,2024-04-23 17:22:04,2024-04-23 17:22:04
719,GnDNLtIieE,YElRUfMl,2016,BC2,2024-04-23 17:22:04,2024-04-23 17:22:04
720,uYHtdEOwmn,cwgDVElj,2013,BC2,2024-04-23 17:22:04,2024-04-23 17:22:04
721,KHIJBWKIpT,DrryXZAg,2009,BC2,2024-04-23 17:22:04,2024-04-23 17:22:04
722,iyDCWywICu,SBDhDvpL,2007,BC5,2024-04-23 17:22:04,2024-04-23 17:22:04
723,zUpgeGnjuf,JDIHkmiy,2003,BC2,2024-04-23 17:22:04,2024-04-23 17:22:04
724,sDdSLyqEEc,ZlbzpfyN,2017,BC5,2024-04-23 17:22:04,2024-04-23 17:22:04
725,aWLEEwaOhx,RFoLhItI,2025,BC2,2024-04-23 17:22:04,2024-04-23 17:22:04
726,FCueGSlcwl,MKHltNBC,2009,BC2,2024-04-23 17:22:04,2024-04-23 17:22:04
727,VmCPlCBRdy,DYrUTdtN,2010,BC3,2024-04-23 17:22:04,2024-04-23 17:22:04
728,jJigwQXVUA,NvevsqJe,2015,BC2,2024-04-23 17:22:04,2024-04-23 17:22:04
729,oBFZPORbaA,cjwJDvmc,2000,BC4,2024-04-23 17:22:04,2024-04-23 17:22:04
730,NClDXOAUVC,cGQJPTaU,2000,BC1,2024-04-23 17:22:04,2024-04-23 17:22:04
731,phGwcReSsm,nHSODUaW,2009,BC4,2024-04-23 17:22:04,2024-04-23 17:22:04
732,pxRycITKGF,tsARDLLD,2012,BC1,2024-04-23 17:22:04,2024-04-23 17:22:04
733,yGCSnWUGDy,IUrPGePB,2013,BC3,2024-04-23 17:22:04,2024-04-23 17:22:04
734,ROJSIycyai,onlCirun,2025,BC5,2024-04-23 17:22:04,2024-04-23 17:22:04
735,FCtnJOMKCT,OJjTqbcP,2006,BC5,2024-04-23 17:22:04,2024-04-23 17:22:04
736,RfyDthqesH,iPlWSoQS,2025,BC5,2024-04-23 17:22:04,2024-04-23 17:22:04
737,FRWGQkstYN,sXplqAhe,2010,BC4,2024-04-23 17:22:04,2024-04-23 17:22:04
738,zWLJALkAbi,MyVhQtNq,2017,BC5,2024-04-23 17:22:04,2024-04-23 17:22:04
739,YcNAFwAZQc,xfsQTaSM,2024,BC2,2024-04-23 17:22:04,2024-04-23 17:22:04
740,SaPDEtBUes,IkbweAFO,2001,BC5,2024-04-23 17:22:04,2024-04-23 17:22:04
741,vjysaYgcrP,rXPOKXvq,2018,BC4,2024-04-23 17:22:04,2024-04-23 17:22:04
742,XUCFvBtyCx,loPgXppf,2025,BC5,2024-04-23 17:22:04,2024-04-23 17:22:04
743,WUTohgmsrf,DAebNdoA,2009,BC1,2024-04-23 17:22:04,2024-04-23 17:22:04
744,VPPrfMXByX,kHiIcMtp,2001,BC4,2024-04-23 17:22:04,2024-04-23 17:22:04
745,ygCERfTvrz,YxVicCgV,2023,BC2,2024-04-23 17:22:04,2024-04-23 17:22:04
746,ClOqPbNOPa,FiWYnHfy,2008,BC1,2024-04-23 17:22:04,2024-04-23 17:22:04
747,ieIIksVBiV,aTQkMAcQ,2005,BC4,2024-04-23 17:22:04,2024-04-23 17:22:04
748,LlqegIqvUO,GAIcikSX,2001,BC4,2024-04-23 17:22:04,2024-04-23 17:22:04
749,YFaTAzDdvF,bgiUJCOR,2018,BC1,2024-04-23 17:22:04,2024-04-23 17:22:04
750,AmNthFJQiQ,zuuBeggF,2002,BC1,2024-04-23 17:22:04,2024-04-23 17:22:04
751,xtoGmnzJvZ,OHsqiNYc,2012,BC1,2024-04-23 17:22:04,2024-04-23 17:22:04
752,jDZDOxYorK,EHRWlEAN,2005,BC5,2024-04-23 17:22:04,2024-04-23 17:22:04
753,OPaIeCmquQ,MqmpIndF,2020,BC2,2024-04-23 17:22:04,2024-04-23 17:22:04
754,QoGtZZvNqx,hoiHLpUV,2003,BC5,2024-04-23 17:22:04,2024-04-23 17:22:04
755,gEEoEIndtz,laixHWYS,2004,BC5,2024-04-23 17:22:04,2024-04-23 17:22:04
756,KPeFcgOPwN,aBpWLaTP,2000,BC4,2024-04-23 17:22:04,2024-04-23 17:22:04
757,xSLxuVoKwp,AHPqrtnB,2025,BC5,2024-04-23 17:22:04,2024-04-23 17:22:04
758,HKebztewbV,fKYAdEbe,2011,BC3,2024-04-23 17:22:04,2024-04-23 17:22:04
759,cfhzDxeSQk,BFdwwSin,2006,BC4,2024-04-23 17:22:04,2024-04-23 17:22:04
760,XEfYYMlzqn,RiTixgzB,2001,BC4,2024-04-23 17:22:04,2024-04-23 17:22:04
761,oWhbTzaDpH,VAiNzfOk,2012,BC5,2024-04-23 17:22:04,2024-04-23 17:22:04
762,InyxbrVWEt,FnzcCLHf,2010,BC1,2024-04-23 17:22:04,2024-04-23 17:22:04
763,BJGegccTgN,rXFoRrsv,2014,BC5,2024-04-23 17:22:04,2024-04-23 17:22:04
764,RajRYtSNGD,aRdrxoGb,2018,BC5,2024-04-23 17:22:04,2024-04-23 17:22:04
765,zGEsAoEfbq,znqWHovy,2019,BC5,2024-04-23 17:22:04,2024-04-23 17:22:04
766,DXayUJsyuo,vLEsetOS,2021,BC1,2024-04-23 17:22:04,2024-04-23 17:22:04
767,cpFKunfWwH,YfwYnUpT,2020,BC5,2024-04-23 17:22:04,2024-04-23 17:22:04
768,cuQnsOdayT,eUGiSbid,2009,BC2,2024-04-23 17:22:04,2024-04-23 17:22:04
769,kNYiMKEfFj,kqKJOXPY,2019,BC5,2024-04-23 17:22:04,2024-04-23 17:22:04
770,GPJdZHJbyi,wzwwYpQr,2007,BC4,2024-04-23 17:22:04,2024-04-23 17:22:04
771,GLOOPeptch,ueMbwMSe,2024,BC2,2024-04-23 17:22:04,2024-04-23 17:22:04
772,RoPTVckLvx,jfVXBGxV,2019,BC1,2024-04-23 17:22:04,2024-04-23 17:22:04
773,zZUUBIUbSR,yLLnzrKZ,2015,BC4,2024-04-23 17:22:04,2024-04-23 17:22:04
774,qRzByihQrU,egtJirEc,2000,BC4,2024-04-23 17:22:04,2024-04-23 17:22:04
775,LxvWxCtVLp,okzjsNlI,2001,BC2,2024-04-23 17:22:04,2024-04-23 17:22:04
776,NPbeFUlvBY,iXdqdBCW,2011,BC4,2024-04-23 17:22:04,2024-04-23 17:22:04
777,POXGsXixHe,GXQMDlMK,2011,BC2,2024-04-23 17:22:04,2024-04-23 17:22:04
778,LqwJXdoPZh,QgVzVkgz,2024,BC5,2024-04-23 17:22:04,2024-04-23 17:22:04
779,IHiunkyPXP,BdxYByzY,2012,BC5,2024-04-23 17:22:04,2024-04-23 17:22:04
780,bDEJVdhzks,nmcredfG,2018,BC3,2024-04-23 17:22:04,2024-04-23 17:22:04
781,cdjVxzrQWO,DUJUqslS,2019,BC1,2024-04-23 17:22:04,2024-04-23 17:22:04
782,MbOmmFDQry,iXwOdUQO,2007,BC4,2024-04-23 17:22:04,2024-04-23 17:22:04
783,eGcpSxsORS,qpKTnUnW,2020,BC3,2024-04-23 17:22:04,2024-04-23 17:22:04
784,begaZYmQUr,KsVTqEvK,2009,BC3,2024-04-23 17:22:04,2024-04-23 17:22:04
785,tBDCSDBmjm,WoFlhSzq,2007,BC1,2024-04-23 17:22:04,2024-04-23 17:22:04
786,nBFvevvuEY,lRbGoQZt,2006,BC2,2024-04-23 17:22:04,2024-04-23 17:22:04
787,lIKnoMvdIs,SskeEZWz,2015,BC4,2024-04-23 17:22:04,2024-04-23 17:22:04
788,ogwntaPErG,TEjbdvoc,2018,BC3,2024-04-23 17:22:04,2024-04-23 17:22:04
789,lulfTkUZhN,gQigcBsh,2009,BC3,2024-04-23 17:22:04,2024-04-23 17:22:04
790,BUhZBRaqbQ,DlpVgrNN,2019,BC1,2024-04-23 17:22:04,2024-04-23 17:22:04
791,fQFahlHiBG,dmXCEEUu,2009,BC4,2024-04-23 17:22:04,2024-04-23 17:22:04
792,xCYQGlGBZP,YWZndTeA,2024,BC4,2024-04-23 17:22:04,2024-04-23 17:22:04
793,YJzaFgVNmL,sdFBqnXf,2000,BC4,2024-04-23 17:22:04,2024-04-23 17:22:04
794,akilbWsHMT,dlTwgbzb,2021,BC4,2024-04-23 17:22:04,2024-04-23 17:22:04
795,AVHHcMxxwe,sQWYRxlK,2018,BC2,2024-04-23 17:22:04,2024-04-23 17:22:04
796,jZzlUCZGLe,FefxmfgV,2009,BC1,2024-04-23 17:22:04,2024-04-23 17:22:04
797,BLfIeiAQSz,ICfPRoxO,2002,BC3,2024-04-23 17:22:04,2024-04-23 17:22:04
798,ATIlXeSFhK,KAVvDfFd,2023,BC4,2024-04-23 17:22:04,2024-04-23 17:22:04
799,yiuOBDgTEx,wXqkCRLF,2024,BC5,2024-04-23 17:22:04,2024-04-23 17:22:04
800,hxVkyZivzG,hqboOtjJ,2023,BC2,2024-04-23 17:22:04,2024-04-23 17:22:04
801,TcRafxTcGZ,wzaHHNIe,2025,BC1,2024-04-23 17:22:04,2024-04-23 17:22:04
802,djgItIydJo,UrqUooxy,2024,BC2,2024-04-23 17:22:04,2024-04-23 17:22:04
803,qnBYwwRXmn,VMljESLT,2008,BC1,2024-04-23 17:22:04,2024-04-23 17:22:04
804,tPjqhoLxqA,MczvTnfF,2024,BC4,2024-04-23 17:22:04,2024-04-23 17:22:04
805,IseUYvCLCA,fDaKLysA,2007,BC2,2024-04-23 17:22:04,2024-04-23 17:22:04
806,DSnrhKrbcc,hoSmPjRm,2025,BC3,2024-04-23 17:22:04,2024-04-23 17:22:04
807,doXfPQXorD,NolXKKzW,2024,BC1,2024-04-23 17:22:04,2024-04-23 17:22:04
808,pihTotUdVV,xqaAhKho,2014,BC5,2024-04-23 17:22:04,2024-04-23 17:22:04
809,IEuCljgTmb,ctIHHRAM,2019,BC2,2024-04-23 17:22:04,2024-04-23 17:22:04
810,xtZliFBsVO,DDtzEAMc,2002,BC3,2024-04-23 17:22:04,2024-04-23 17:22:04
811,eijRAEAnAH,LcCWzQSQ,2004,BC4,2024-04-23 17:22:04,2024-04-23 17:22:04
812,mUqDaDUZzg,vEvZMuPA,2002,BC2,2024-04-23 17:22:04,2024-04-23 17:22:04
813,XTnacNeCha,qyBSNPOg,2004,BC1,2024-04-23 17:22:04,2024-04-23 17:22:04
814,FtobHcHLMS,tYVAnTga,2001,BC3,2024-04-23 17:22:04,2024-04-23 17:22:04
815,OCiMZEjddL,sknmBnEw,2016,BC1,2024-04-23 17:22:04,2024-04-23 17:22:04
816,SRNJlkyyYa,ftXWiNXu,2022,BC3,2024-04-23 17:22:04,2024-04-23 17:22:04
817,OWfRbgisQT,KtszLgiA,2004,BC1,2024-04-23 17:22:04,2024-04-23 17:22:04
818,JLYeqtKIoJ,fGufizTp,2008,BC4,2024-04-23 17:22:04,2024-04-23 17:22:04
819,BfBmsTxaiQ,ATARTPja,2023,BC3,2024-04-23 17:22:04,2024-04-23 17:22:04
820,tLVvSGRkIp,dxBXgeMr,2015,BC2,2024-04-23 17:22:04,2024-04-23 17:22:04
821,nkhOsshEjE,PuQBwBGG,2016,BC1,2024-04-23 17:22:04,2024-04-23 17:22:04
822,SxHzGBislg,YRHJgUlH,2024,BC2,2024-04-23 17:22:04,2024-04-23 17:22:04
823,IpBILzDmZo,xetshNGC,2012,BC1,2024-04-23 17:22:04,2024-04-23 17:22:04
824,zIsdgyEczy,LscHiRLt,2007,BC1,2024-04-23 17:22:04,2024-04-23 17:22:04
825,XkIJSAiHqs,VRzFnigM,2007,BC3,2024-04-23 17:22:04,2024-04-23 17:22:04
826,pMZQReDlOH,iNgMUGto,2007,BC2,2024-04-23 17:22:04,2024-04-23 17:22:04
827,zNYfqEiRUa,jZMcsyze,2011,BC2,2024-04-23 17:22:04,2024-04-23 17:22:04
828,chalCbkFcO,qHxilGlV,2015,BC5,2024-04-23 17:22:04,2024-04-23 17:22:04
829,lhilIWncdS,jsqbOjWh,2016,BC5,2024-04-23 17:22:04,2024-04-23 17:22:04
830,xIRozkYEvH,IWPBRBRX,2018,BC5,2024-04-23 17:22:04,2024-04-23 17:22:04
831,VCoftIvkEQ,UXyRlJzr,2005,BC3,2024-04-23 17:22:04,2024-04-23 17:22:04
832,LnjQfRpHLD,LdKluMvV,2008,BC2,2024-04-23 17:22:04,2024-04-23 17:22:04
833,MrLQzkwmZE,WqKDPTVk,2025,BC1,2024-04-23 17:22:04,2024-04-23 17:22:04
834,cmFwGPCKsd,RABCcQct,2010,BC3,2024-04-23 17:22:04,2024-04-23 17:22:04
835,ysrjLKVFTp,AaWvlnEF,2020,BC2,2024-04-23 17:22:04,2024-04-23 17:22:04
836,UfrbgphOxw,KCWkplWd,2008,BC4,2024-04-23 17:22:04,2024-04-23 17:22:04
837,KtxwLJJMYl,jNjJvXnp,2023,BC1,2024-04-23 17:22:04,2024-04-23 17:22:04
838,eJbEVZvWtX,qrVpOlvI,2007,BC2,2024-04-23 17:22:04,2024-04-23 17:22:04
839,HatcEOshKp,gcTOsmxV,2014,BC3,2024-04-23 17:22:04,2024-04-23 17:22:04
840,UXzORVLAkE,AxkTpoMk,2016,BC2,2024-04-23 17:22:04,2024-04-23 17:22:04
841,lpLDnNpoux,TsgdXXrq,2001,BC4,2024-04-23 17:22:04,2024-04-23 17:22:04
842,tnjgEftkfV,mpIQIWnB,2011,BC3,2024-04-23 17:22:04,2024-04-23 17:22:04
843,ETXpgzaIet,NTcDcgmo,2006,BC2,2024-04-23 17:22:04,2024-04-23 17:22:04
844,TCsgvsnqFp,uabrUwXv,2008,BC2,2024-04-23 17:22:04,2024-04-23 17:22:04
845,ysbkLVRkBN,wMzTqQRt,2009,BC1,2024-04-23 17:22:04,2024-04-23 17:22:04
846,GHAAzIWIBY,AeRhemvb,2006,BC4,2024-04-23 17:22:04,2024-04-23 17:22:04
847,KepAoitsFs,FEPNWePQ,2022,BC4,2024-04-23 17:22:04,2024-04-23 17:22:04
848,KCdrklJdlr,WQKnFxTe,2005,BC3,2024-04-23 17:22:04,2024-04-23 17:22:04
849,xgEAUPhBEq,iuwvieBR,2017,BC2,2024-04-23 17:22:04,2024-04-23 17:22:04
850,ckhLoeuNYc,GlWKSrSE,2005,BC1,2024-04-23 17:22:04,2024-04-23 17:22:04
851,imgWLYJlKm,WhhNLiMv,2018,BC2,2024-04-23 17:22:04,2024-04-23 17:22:04
852,oSPKFwNuoS,HOXbOXVx,2006,BC3,2024-04-23 17:22:04,2024-04-23 17:22:04
853,OzNnjZufoo,FmzGqeaB,2016,BC2,2024-04-23 17:22:04,2024-04-23 17:22:04
854,mntjOXzsBY,MHpYFmHB,2008,BC5,2024-04-23 17:22:04,2024-04-23 17:22:04
855,UMNvjiuicK,MYbtwVue,2001,BC1,2024-04-23 17:22:04,2024-04-23 17:22:04
856,gQrOaWuoYi,VAPlUgnC,2018,BC1,2024-04-23 17:22:04,2024-04-23 17:22:04
857,WgcCeWzkry,HWnBkzdF,2002,BC3,2024-04-23 17:22:04,2024-04-23 17:22:04
858,mfiiXDulqv,PvtMcoIC,2006,BC1,2024-04-23 17:22:04,2024-04-23 17:22:04
859,AYjvdmvOvG,GUWTdXLM,2019,BC5,2024-04-23 17:22:04,2024-04-23 17:22:04
860,EubxoIWnKK,llWahEVo,2004,BC2,2024-04-23 17:22:04,2024-04-23 17:22:04
861,eFIcimRPsw,UULnzJqB,2004,BC1,2024-04-23 17:22:04,2024-04-23 17:22:04
862,CoQrDmyEBI,ISCMPjoj,2004,BC2,2024-04-23 17:22:04,2024-04-23 17:22:04
863,EZJyFHFrJz,KSqdSBax,2022,BC2,2024-04-23 17:22:04,2024-04-23 17:22:04
864,RHQKfFGxCO,bAPlJxvq,2016,BC4,2024-04-23 17:22:04,2024-04-23 17:22:04
865,gbQeLkgnwo,uqIVuueP,2015,BC2,2024-04-23 17:22:04,2024-04-23 17:22:04
866,GMSyJjPHLj,FXASnLLX,2003,BC4,2024-04-23 17:22:04,2024-04-23 17:22:04
867,NTzoXBHsCr,JQPXeeRA,2008,BC4,2024-04-23 17:22:04,2024-04-23 17:22:04
868,Smwfjqxuwo,pMPADoxu,2018,BC5,2024-04-23 17:22:04,2024-04-23 17:22:04
869,yBBCcUJPKx,dsODadft,2024,BC2,2024-04-23 17:22:04,2024-04-23 17:22:04
870,UHNLuSsxBu,nRbbMOoA,2002,BC5,2024-04-23 17:22:04,2024-04-23 17:22:04
871,ujxCRipfab,txJVjRBp,2015,BC3,2024-04-23 17:22:04,2024-04-23 17:22:04
872,JjABrwmybV,ctivTfVW,2024,BC5,2024-04-23 17:22:04,2024-04-23 17:22:04
873,sJFNdUDTTz,PXsDGVBZ,2017,BC3,2024-04-23 17:22:04,2024-04-23 17:22:04
874,OxtHbqeXqs,GxGNCufj,2017,BC1,2024-04-23 17:22:04,2024-04-23 17:22:04
875,LChBWaVwzn,nlCUzYfw,2006,BC3,2024-04-23 17:22:04,2024-04-23 17:22:04
876,csXLjklCxm,fNRqkWob,2015,BC1,2024-04-23 17:22:04,2024-04-23 17:22:04
877,cvUMIiBfDl,KoNQBZKw,2005,BC4,2024-04-23 17:22:04,2024-04-23 17:22:04
878,wyOuFVNHOX,boMlRSXy,2011,BC1,2024-04-23 17:22:04,2024-04-23 17:22:04
879,jehYIwgPtm,OompHePd,2020,BC3,2024-04-23 17:22:04,2024-04-23 17:22:04
880,uBUaoAAUTo,PBMhJPqL,2014,BC4,2024-04-23 17:22:04,2024-04-23 17:22:04
881,RCSkXVCdOa,jgVYKTHy,2011,BC3,2024-04-23 17:22:04,2024-04-23 17:22:04
882,HMzLRviKKk,YkAwTHea,2013,BC3,2024-04-23 17:22:04,2024-04-23 17:22:04
883,tQsRXenMVi,BFhacFVR,2001,BC3,2024-04-23 17:22:04,2024-04-23 17:22:04
884,OeuWjtkOWR,twHosmVM,2011,BC5,2024-04-23 17:22:04,2024-04-23 17:22:04
885,aoeANpbeYM,IQFQskda,2003,BC3,2024-04-23 17:22:04,2024-04-23 17:22:04
886,ScfyJZMbsu,yVzSVbJC,2003,BC5,2024-04-23 17:22:04,2024-04-23 17:22:04
887,IGQkKhKXBX,ThTpbEDD,2005,BC3,2024-04-23 17:22:04,2024-04-23 17:22:04
888,pFbvcwacsA,aOMdtmcm,2015,BC4,2024-04-23 17:22:04,2024-04-23 17:22:04
889,PYgptRidZB,JMGBSGRv,2024,BC3,2024-04-23 17:22:04,2024-04-23 17:22:04
890,lErDcbEVxZ,TzqEgsgy,2000,BC2,2024-04-23 17:22:04,2024-04-23 17:22:04
891,HIADZNSyST,jPcyplNB,2006,BC1,2024-04-23 17:22:04,2024-04-23 17:22:04
892,ptAoNGUHvE,LUeaAaJx,2000,BC4,2024-04-23 17:22:04,2024-04-23 17:22:04
893,qhFmCxElSV,NQVfooDv,2018,BC1,2024-04-23 17:22:04,2024-04-23 17:22:04
894,HsrsRNObWD,ZLKMWvMq,2020,BC4,2024-04-23 17:22:04,2024-04-23 17:22:04
895,cXaPrCkSJJ,QDbyuaHZ,2012,BC2,2024-04-23 17:22:04,2024-04-23 17:22:04
896,KuHbWvSFCC,zZElTctV,2019,BC1,2024-04-23 17:22:04,2024-04-23 17:22:04
897,VXeuEaUjlL,PvxcCYTw,2020,BC4,2024-04-23 17:22:04,2024-04-23 17:22:04
898,SDyvvUcozZ,moAzHSOI,2014,BC2,2024-04-23 17:22:04,2024-04-23 17:22:04
899,GwwbTxVMhw,RKjBgiJR,2023,BC1,2024-04-23 17:22:04,2024-04-23 17:22:04
900,INYpDOhOHY,JIbRhwss,2007,BC4,2024-04-23 17:22:04,2024-04-23 17:22:04
901,eQLweiNSVL,vidkJLIc,2023,BC3,2024-04-23 17:22:04,2024-04-23 17:22:04
902,ijXIPosiro,yKFQvLRH,2024,BC2,2024-04-23 17:22:04,2024-04-23 17:22:04
903,jNeNvpqjBf,TPlGDeOh,2016,BC3,2024-04-23 17:22:04,2024-04-23 17:22:04
904,nMTTSkgJaE,iNRxeeGr,2002,BC1,2024-04-23 17:22:04,2024-04-23 17:22:04
905,pNMkdzltcF,nkzbwGWh,2019,BC2,2024-04-23 17:22:04,2024-04-23 17:22:04
906,rddTAJthlO,PpFAMtOD,2011,BC4,2024-04-23 17:22:04,2024-04-23 17:22:04
907,wcAaRsQnwz,pcqJtSXl,2014,BC5,2024-04-23 17:22:04,2024-04-23 17:22:04
908,KDtSQUziMo,LCeCIzXz,2010,BC3,2024-04-23 17:22:04,2024-04-23 17:22:04
909,hOMxvQHKCP,VnQQkeSm,2019,BC3,2024-04-23 17:22:04,2024-04-23 17:22:04
910,uyhWggJIIZ,JLTnmgRh,2000,BC3,2024-04-23 17:22:04,2024-04-23 17:22:04
911,LIoOUUznvZ,xIEiTqNY,2025,BC1,2024-04-23 17:22:04,2024-04-23 17:22:04
912,kOmRnoJgmc,KqWYlAAP,2009,BC2,2024-04-23 17:22:04,2024-04-23 17:22:04
913,oXkJvUOrab,bscjsFkb,2010,BC1,2024-04-23 17:22:04,2024-04-23 17:22:04
914,QZvYoiKslI,zRpJeuIs,2011,BC2,2024-04-23 17:22:04,2024-04-23 17:22:04
915,xUBItTlcln,YJcfGZil,2001,BC5,2024-04-23 17:22:04,2024-04-23 17:22:04
916,tmmYOIDbXY,RekWkwXW,2007,BC3,2024-04-23 17:22:04,2024-04-23 17:22:04
917,hFnUqUdiQE,sJeNtNad,2019,BC3,2024-04-23 17:22:04,2024-04-23 17:22:04
918,mkhxPRkSxu,SxtHjQXt,2015,BC4,2024-04-23 17:22:04,2024-04-23 17:22:04
919,YyofRAZzDj,TIOiqAxj,2011,BC2,2024-04-23 17:22:04,2024-04-23 17:22:04
920,pCxDDBPUhv,XHbDhNZM,2020,BC5,2024-04-23 17:22:04,2024-04-23 17:22:04
921,YTGBQDiqLw,sclTFfrh,2023,BC4,2024-04-23 17:22:04,2024-04-23 17:22:04
922,VNkmTmErlX,sUmAnmVc,2007,BC3,2024-04-23 17:22:04,2024-04-23 17:22:04
923,ahGbMVUEve,czkicSpx,2009,BC5,2024-04-23 17:22:04,2024-04-23 17:22:04
924,sdvPbJCczC,vswjxIfy,2017,BC4,2024-04-23 17:22:04,2024-04-23 17:22:04
925,FHUZmqXiaY,djmLNRyS,2013,BC4,2024-04-23 17:22:04,2024-04-23 17:22:04
926,yEwGogklRs,PWigVmxA,2018,BC1,2024-04-23 17:22:04,2024-04-23 17:22:04
927,fvcEdJBEJe,MtALsdSq,2018,BC2,2024-04-23 17:22:04,2024-04-23 17:22:04
928,CpPmHGIdIS,seWqDcNw,2015,BC1,2024-04-23 17:22:04,2024-04-23 17:22:04
929,oObZVfUOlE,CkAoPIQM,2014,BC1,2024-04-23 17:22:04,2024-04-23 17:22:04
930,mcNHfpZOmF,gQLyjVyb,2010,BC1,2024-04-23 17:22:04,2024-04-23 17:22:04
931,HphpATDhty,oHTuntMN,2005,BC2,2024-04-23 17:22:04,2024-04-23 17:22:04
932,usjxiLUplw,gMaQQAxd,2019,BC3,2024-04-23 17:22:04,2024-04-23 17:22:04
933,BZOvwqejMK,vNazvsmG,2008,BC4,2024-04-23 17:22:04,2024-04-23 17:22:04
934,jckCfdgViu,RJRjzpmj,2006,BC3,2024-04-23 17:22:04,2024-04-23 17:22:04
935,awMKhwovzj,YEDbeVAj,2025,BC5,2024-04-23 17:22:04,2024-04-23 17:22:04
936,HiembEdRGl,oBVAAeIc,2013,BC3,2024-04-23 17:22:04,2024-04-23 17:22:04
937,xLOlNJTQQl,MxsDopvN,2025,BC2,2024-04-23 17:22:04,2024-04-23 17:22:04
938,iDrqfWpkla,iLFJweAr,2002,BC4,2024-04-23 17:22:04,2024-04-23 17:22:04
939,QBsEgzhSRL,sqcNLbEh,2005,BC5,2024-04-23 17:22:04,2024-04-23 17:22:04
940,PlPuRMGcAp,mtnBxRgE,2012,BC1,2024-04-23 17:22:04,2024-04-23 17:22:04
941,DaygNIiQnY,IkqwVaWQ,2016,BC1,2024-04-23 17:22:04,2024-04-23 17:22:04
942,rLtihMVcQj,xqFeBXVK,2003,BC3,2024-04-23 17:22:04,2024-04-23 17:22:04
943,wZuEMeMFHf,ZmftgjFN,2001,BC5,2024-04-23 17:22:04,2024-04-23 17:22:04
944,iFRSeLeyju,CVMfJrst,2023,BC4,2024-04-23 17:22:04,2024-04-23 17:22:04
945,sxFIjbWyFH,pSpXWtRX,2009,BC2,2024-04-23 17:22:04,2024-04-23 17:22:04
946,WpdZwVxzXo,DicCGEty,2025,BC2,2024-04-23 17:22:04,2024-04-23 17:22:04
947,WkPlahNUcn,sQoyUWpZ,2014,BC5,2024-04-23 17:22:04,2024-04-23 17:22:04
948,HuTpZyGtdr,mkEInCph,2013,BC3,2024-04-23 17:22:04,2024-04-23 17:22:04
949,onOeMZgNmJ,TMMiTFVo,2007,BC4,2024-04-23 17:22:04,2024-04-23 17:22:04
950,fBQHsVUmxT,yKCpgWoU,2024,BC3,2024-04-23 17:22:04,2024-04-23 17:22:04
951,wXiDzHwDDa,qkHfocQn,2018,BC1,2024-04-23 17:22:04,2024-04-23 17:22:04
952,EEyprEDVon,cqPoWgor,2022,BC5,2024-04-23 17:22:04,2024-04-23 17:22:04
953,QVSGKqcYWr,DEaPgPgY,2019,BC3,2024-04-23 17:22:04,2024-04-23 17:22:04
954,NeFgFrtFRc,LvcLVMlI,2014,BC1,2024-04-23 17:22:04,2024-04-23 17:22:04
955,IBBkWUGLZD,XnntIhvE,2006,BC3,2024-04-23 17:22:04,2024-04-23 17:22:04
956,nyvdNzUgnt,SvqTtCHK,2016,BC4,2024-04-23 17:22:04,2024-04-23 17:22:04
957,RjdULLpESk,ABGwhThp,2002,BC5,2024-04-23 17:22:04,2024-04-23 17:22:04
958,TUiAiyWydb,xXevjayW,2019,BC4,2024-04-23 17:22:04,2024-04-23 17:22:04
959,PPYWTlCyCd,EGXDwaLx,2024,BC3,2024-04-23 17:22:04,2024-04-23 17:22:04
960,WtMhlbkAEO,qTRPhDfQ,2017,BC4,2024-04-23 17:22:04,2024-04-23 17:22:04
961,WBTXkvfpYI,RAMVwlqF,2002,BC1,2024-04-23 17:22:04,2024-04-23 17:22:04
962,TWpykoCajJ,VwVWJUNq,2016,BC2,2024-04-23 17:22:04,2024-04-23 17:22:04
963,MftBqetAby,mWFnJjcH,2010,BC5,2024-04-23 17:22:04,2024-04-23 17:22:04
964,lZXtXlznYQ,MCUwzrBT,2022,BC4,2024-04-23 17:22:04,2024-04-23 17:22:04
965,yGOiOZWvRR,MncIcNHU,2005,BC2,2024-04-23 17:22:04,2024-04-23 17:22:04
966,GUIAOyPZBf,JUQMRMex,2009,BC3,2024-04-23 17:22:04,2024-04-23 17:22:04
967,ORZXqmhUef,XEwJSmyq,2004,BC1,2024-04-23 17:22:04,2024-04-23 17:22:04
968,fytmdhtazJ,QZXyrRcv,2007,BC5,2024-04-23 17:22:04,2024-04-23 17:22:04
969,AOxZHvhowm,uirvrfsa,2006,BC5,2024-04-23 17:22:04,2024-04-23 17:22:04
970,wWTIURhoVN,zKRwzIkw,2022,BC3,2024-04-23 17:22:04,2024-04-23 17:22:04
971,XqGEfqWLxt,yRtMBaHT,2001,BC5,2024-04-23 17:22:04,2024-04-23 17:22:04
972,IuCtlSBObM,uaiprnon,2022,BC3,2024-04-23 17:22:04,2024-04-23 17:22:04
973,TzNlwyiwkn,MKQLzWQO,2024,BC2,2024-04-23 17:22:04,2024-04-23 17:22:04
974,ebExnOshMj,qAZumpEA,2019,BC4,2024-04-23 17:22:04,2024-04-23 17:22:04
975,Jxcdbkibnb,DZtiNBYo,2015,BC3,2024-04-23 17:22:04,2024-04-23 17:22:04
976,JVuyYYtTfQ,TASdDEyH,2022,BC3,2024-04-23 17:22:04,2024-04-23 17:22:04
977,rinnjNHpdH,PxCJpSRZ,2007,BC3,2024-04-23 17:22:04,2024-04-23 17:22:04
978,GFIzzYoMiJ,THJFUByA,2001,BC5,2024-04-23 17:22:04,2024-04-23 17:22:04
979,jcdVGhVzgg,hRzDLhsw,2018,BC2,2024-04-23 17:22:04,2024-04-23 17:22:04
980,FUypLzqZfl,pDtXcHsY,2024,BC5,2024-04-23 17:22:04,2024-04-23 17:22:04
981,lpeDXMQskr,eJUorcSm,2020,BC4,2024-04-23 17:22:04,2024-04-23 17:22:04
982,DXJkIRDjJz,iFAJcUXI,2007,BC1,2024-04-23 17:22:04,2024-04-23 17:22:04
983,mwunpgOeGU,mzqFYRed,2024,BC4,2024-04-23 17:22:04,2024-04-23 17:22:04
984,sijjsfWwcP,EaVCgZCY,2001,BC4,2024-04-23 17:22:04,2024-04-23 17:22:04
985,znQUlRBTgA,bVacrATe,2022,BC1,2024-04-23 17:22:04,2024-04-23 17:22:04
986,cuqzJmynzG,cMXzrwds,2001,BC5,2024-04-23 17:22:04,2024-04-23 17:22:04
987,bjBAcfCZhs,ZIngRZMb,2004,BC1,2024-04-23 17:22:04,2024-04-23 17:22:04
988,IOZhUpvQVv,VlOIPnaR,2001,BC5,2024-04-23 17:22:04,2024-04-23 17:22:04
989,TkCooGMUrA,OoGoMYWY,2019,BC5,2024-04-23 17:22:04,2024-04-23 17:22:04
990,yQUFpGLreF,BhJsfubT,2007,BC1,2024-04-23 17:22:04,2024-04-23 17:22:04
991,NecjYMFfmp,IeQyDNVN,2000,BC4,2024-04-23 17:22:04,2024-04-23 17:22:04
992,tdpYpnSDyP,ksEEApof,2023,BC1,2024-04-23 17:22:04,2024-04-23 17:22:04
993,AKsXgNUgTd,YNjyjVaf,2023,BC3,2024-04-23 17:22:04,2024-04-23 17:22:04
994,BccAZMozIr,itymznnt,2008,BC2,2024-04-23 17:22:04,2024-04-23 17:22:04
995,MQccvgOxzE,gbwdqEuq,2022,BC5,2024-04-23 17:22:04,2024-04-23 17:22:04
996,vHzoopcEUx,gxczEHhW,2010,BC2,2024-04-23 17:22:04,2024-04-23 17:22:04
997,zUTtmqtxlI,YHAlgVdL,2003,BC5,2024-04-23 17:22:04,2024-04-23 17:22:04
998,CtEHfHZQAh,ygusmkbe,2024,BC1,2024-04-23 17:22:04,2024-04-23 17:22:04
999,wTGPNhYgXl,HHJHqGak,2003,BC2,2024-04-23 17:22:04,2024-04-23 17:22:04
1000,UyfKEvAPXa,STEXnrUq,2014,BC2,2024-04-23 17:22:04,2024-04-23 17:22:04
